line_name,description,total_boarding,total_hour_cap,tm2_mode,line_mode,headway,fare_system
10_573_198_EA_d0_s491,Hollis,0,45.0,12,b,60.0,18
10_573_201_EA_d0_s490,Shellmound/Powell,3.359912395477295,45.0,12,b,60.0,18
12_247_481_EA_d0_s1416,1,0,63.0,49,b,60.0,34
12_247_481_EA_d1_s1425,1,0,63.0,49,b,60.0,34
12_247_482_EA_d1_s1444,2,0,63.0,49,b,60.0,34
12_247_483_EA_d1_s1441,3,0,126.0,49,b,30.0,34
12_247_490_EA_d1_s1426,78,9.114999771118164,63.0,91,x,60.0,35
12_247_491_EA_d0_s1415,80,0,63.0,91,x,60.0,35
12_247_491_EA_d1_s1437,80,0,189.0,91,x,20.0,35
12_247_492_EA_d0_s1449,85,0,1260.0,49,b,3.0,35
13_5_301_EA_d0_s786,nan,0,63.0,52,b,60.0,5
15__163_EA_d0_s422,Rossmoor/Shadelands,0,63.0,42,b,60.0,15
15__167_EA_d0_s430,BART Walnut Creek/San Ramon,0,63.0,42,b,60.0,15
15__169_EA_d0_s434,BART North Concord/Martinez,1.3844356834888458,63.0,42,b,60.0,15
15__169_EA_d1_s435,BART North Concord/Martinez,0,63.0,42,b,60.0,15
15__171_EA_d0_s437,BART Concord/Clayton,0,63.0,42,b,60.0,15
15__171_EA_d1_s438,BART Concord/Clayton,0,126.0,42,b,30.0,15
15__175_EA_d0_s445,Creekside/BART Walnut Creek,0,63.0,42,b,60.0,17
15__176_EA_d1_s448,Lafayette/Moraga/Orinda,0,63.0,42,b,60.0,15
15__179_EA_d0_s453,DVC/BART Walnut Creek,9.220396518707275,63.0,42,b,60.0,15
15__181_EA_d0_s456,ACE Express,0,63.0,86,x,60.0,16
15__182_EA_d1_s459,Kirker Pass Express,5.845395088195801,189.0,86,x,20.0,16
15__184_EA_d0_s462,BART Walnut Creek/Bishop Ranch,1.0399999618530273,126.0,86,x,30.0,16
15__186_EA_d0_s466,Martinez/BART Walnut Creek,0,63.0,86,x,60.0,16
15__187_EA_d1_s469,Monument Blvd,0,63.0,42,b,60.0,15
15__188_EA_d0_s470,Treat Blvd,0,63.0,42,b,60.0,15
15__188_EA_d1_s471,Treat Blvd,0,63.0,42,b,60.0,15
15__189_EA_d1_s473,AMTRAK/BART Concord,0,126.0,42,b,30.0,15
15__191_EA_d0_s476,AMTRAK/BART Pleasant Hill,4.5648417472839355,63.0,42,b,60.0,15
17_alliance_707_EA_d0_s2149,So. San Francisco-Oyster Pt Caltrain,0,45.0,14,b,60.0,46
17_alliance_710_EA_d1_s2155,So. San Francisco-Utah/Grand Caltrain,0,45.0,14,b,60.0,46
17_alliance_712_EA_d0_s2132,Brisbane-Bayshore Caltrain,0,45.0,14,b,60.0,46
17_alliance_716_EA_d0_s2130,Brisbane-Crocker Park BART/Caltrain,0,45.0,14,b,60.0,46
17_caltrain-ca-us_193_EA_d0_s484,Bullet,124.80764389038086,1444.0,130,r,60.0,3
17_caltrain-ca-us_194_EA_d0_s485,Limited,225.51381623744965,1444.0,130,r,60.0,3
17_caltrain-ca-us_195_EA_d0_s484,Local,642.6656587123871,2888.0,130,r,30.0,3
17_caltrain-ca-us_195_EA_d1_s482,Local,432.15594667196274,2888.0,130,r,30.0,3
19_175_495_EA_d1_s1490,Russian River Area_ Forestville_ Sebastopol_ Santa,0,63.0,63,b,60.0,7
19_175_498_EA_d0_s1488,Santa Rosa_ Sonoma Valley,0,63.0,63,b,60.0,7
19_175_498_EA_d1_s1536,Santa Rosa_ Sonoma Valley,0,63.0,63,b,60.0,7
19_175_499_EA_d1_s1566,Sonoma Valley_ San Rafael,0,63.0,63,b,60.0,7
19_175_502_EA_d0_s1568,Petaluma JC_ SSU_ Santa Rosa,0,63.0,63,b,60.0,7
19_175_505_EA_d1_s1533,Cloverdale_ Healdsburg_ Windsor_ Santa Rosa,0,63.0,63,b,60.0,7
20__257_EA_d1_s669,Larkspur - San Francisco Ferry,433.6725769042969,450.0,101,f,60.0,19
22_SFMTA_302_EA_d0_s798,Clement,68.9556941986084,126.0,20,b,30.0,25
22_SFMTA_302_EA_d1_s800,Clement,61.6470251083374,189.0,20,b,20.0,25
22_SFMTA_304_EA_d0_s803,FULTON,24.5625,252.0,20,b,15.0,25
22_SFMTA_304_EA_d1_s811,FULTON,301.04301261901855,252.0,20,b,15.0,25
22_SFMTA_305_EA_d1_s819,PARNASSUS,14.6538525223732,126.0,20,b,30.0,25
22_SFMTA_306_EA_d0_s841,Townsend,3.044210433959961,63.0,20,b,60.0,25
22_SFMTA_306_EA_d1_s845,Townsend,107.9103981256485,189.0,20,b,20.0,25
22_SFMTA_307_EA_d1_s846,FOLSOM/PACIFIC,4.439038157463074,126.0,20,b,30.0,25
22_SFMTA_308_EA_d0_s900,19TH AVENUE,67.36778593063354,189.0,20,b,20.0,25
22_SFMTA_308_EA_d1_s904,19TH AVENUE,32.828423380851746,126.0,20,b,30.0,25
22_SFMTA_310_EA_d0_s918,STOCKTON,0,705.0,20,b,8.0,25
22_SFMTA_310_EA_d1_s928,STOCKTON,237.04283273220062,564.0,20,b,10.0,25
22_SFMTA_317_EA_d0_s924,STOCKTON - UNION,0,189.0,20,b,20.0,25
22_SFMTA_317_EA_d1_s933,STOCKTON - UNION,152.85657280683517,189.0,20,b,20.0,25
22_SFMTA_319_EA_d0_s1018,nan,0,63.0,21,b,60.0,26
22_SFMTA_319_EA_d1_s1022,nan,0,63.0,21,b,60.0,26
22_SFMTA_320_EA_d0_s1020,nan,0,126.0,21,b,30.0,26
22_SFMTA_320_EA_d1_s1026,nan,2.4218099117279053,63.0,21,b,60.0,26
22_SFMTA_321_EA_d1_s820,HAIGHT - NORIEGA,79.75678461790085,126.0,20,b,30.0,25
22_SFMTA_323_EA_d0_s792,CALIFORNIA,24.5625,252.0,20,b,15.0,25
22_SFMTA_323_EA_d1_s796,CALIFORNIA,325.16552567481995,252.0,20,b,15.0,25
22_SFMTA_324_EA_d0_s847,MISSION,31.5541379339993,705.0,20,b,8.0,25
22_SFMTA_324_EA_d1_s854,MISSION,1032.2685811519623,705.0,20,b,8.0,25
22_SFMTA_327_EA_d0_s860,46TH AVENUE,0,63.0,20,b,60.0,25
22_SFMTA_327_EA_d1_s861,46TH AVENUE,54.403223514556885,126.0,20,b,30.0,25
22_SFMTA_328_EA_d0_s862,POLK,92.8048791885376,126.0,20,b,30.0,25
22_SFMTA_328_EA_d1_s863,POLK,50.4657256603241,126.0,20,b,30.0,25
22_SFMTA_329_EA_d0_s864,HAYES,22.528656005859375,126.0,20,b,30.0,25
22_SFMTA_329_EA_d1_s866,HAYES,55.35985279083252,189.0,20,b,20.0,25
22_SFMTA_330_EA_d0_s869,FILLMORE,0,315.0,20,b,12.0,25
22_SFMTA_330_EA_d1_s876,FILLMORE,340.5785255432129,315.0,20,b,12.0,25
22_SFMTA_331_EA_d0_s878,MONTEREY,173.89982521533966,189.0,20,b,20.0,25
22_SFMTA_331_EA_d1_s880,MONTEREY,15.906121253967285,189.0,20,b,20.0,25
22_SFMTA_332_EA_d0_s884,DIVISADERO,85.06381225585938,189.0,20,b,20.0,25
22_SFMTA_332_EA_d1_s892,DIVISADERO,332.59382486343384,189.0,20,b,20.0,25
22_SFMTA_333_EA_d0_s897,BRYANT,33.686564683914185,126.0,20,b,30.0,25
22_SFMTA_333_EA_d1_s898,BRYANT,0,189.0,20,b,20.0,25
22_SFMTA_334_EA_d0_s906,SUNSET,4.716684937477112,63.0,20,b,60.0,25
22_SFMTA_334_EA_d1_s910,SUNSET,114.85644519329071,126.0,20,b,30.0,25
22_SFMTA_335_EA_d0_s934,BALBOA,41.65782165527344,252.0,20,b,15.0,25
22_SFMTA_335_EA_d1_s938,BALBOA,333.0216541290283,315.0,20,b,12.0,25
22_SFMTA_336_EA_d0_s939,ASHBURY-18TH,0,63.0,20,b,60.0,25
22_SFMTA_336_EA_d1_s944,ASHBURY-18TH,75.52468657493591,189.0,20,b,20.0,25
22_SFMTA_338_EA_d1_s949,TERESITA,1.6686381101608276,45.0,20,b,60.0,25
22_SFMTA_340_EA_d0_s958,GEARY,710.7594449520111,376.0,20,b,15.0,25
22_SFMTA_340_EA_d1_s960,GEARY,763.1925611495972,470.0,20,b,12.0,25
22_SFMTA_342_EA_d0_s969,UNION,0,63.0,20,b,60.0,25
22_SFMTA_342_EA_d1_s972,UNION,82.20950555801392,126.0,20,b,30.0,25
22_SFMTA_343_EA_d0_s976,MASONIC,59.672144532203674,189.0,20,b,20.0,25
22_SFMTA_343_EA_d1_s978,MASONIC,225.11987447738647,189.0,20,b,20.0,25
22_SFMTA_344_EA_d0_s980,O'SHAUGHNESSY,41.806296825408936,63.0,20,b,60.0,25
22_SFMTA_344_EA_d1_s985,O'SHAUGHNESSY,430.25921642780304,189.0,20,b,20.0,25
22_SFMTA_345_EA_d0_s990,VAN NESS,72.99269676208496,126.0,20,b,30.0,25
22_SFMTA_346_EA_d0_s992,24TH STREET,23.730604887008667,126.0,20,b,30.0,25
22_SFMTA_347_EA_d0_s999,VAN NESS-MISSION,0,470.0,20,b,12.0,25
22_SFMTA_347_EA_d1_s1005,VAN NESS-MISSION,502.2267248034477,376.0,20,b,15.0,25
22_SFMTA_349_EA_d0_s1008,FELTON,6.485294580459595,63.0,20,b,60.0,25
22_SFMTA_349_EA_d1_s1010,FELTON,10.604081153869629,126.0,20,b,30.0,25
22_SFMTA_350_EA_d1_s1013,16TH STREET,1.0733333826065063,63.0,20,b,60.0,25
22_SFMTA_352_EA_d0_s1027,nan,0,63.0,21,b,60.0,26
22_SFMTA_352_EA_d1_s1030,nan,0,63.0,21,b,60.0,26
22_SFMTA_353_EA_d0_s1031,QUINTARA,0,45.0,20,b,60.0,25
22_SFMTA_358_EA_d0_s1043,SAN BRUNO OWL,68.29039597511292,63.0,20,b,60.0,25
22_SFMTA_358_EA_d1_s1044,SAN BRUNO OWL,230.430762052536,252.0,20,b,15.0,25
22_SFMTA_359_EA_d0_s1046,3RD/19TH AVE OWL,1056.1754707098007,252.0,20,b,15.0,25
22_SFMTA_359_EA_d1_s1048,3RD/19TH AVE OWL,664.6312641501427,189.0,20,b,20.0,25
22_SFMTA_361_EA_d0_s1059,MARKET & WHARVES,17.368846654891968,350.0,110,l,12.0,25
22_SFMTA_361_EA_d1_s1061,MARKET & WHARVES,81.80484175682068,350.0,110,l,12.0,25
22_SFMTA_362_EA_d0_s1075,TREASURE ISLAND,71.90658569335938,126.0,20,b,30.0,25
22_SFMTA_362_EA_d1_s1076,TREASURE ISLAND,74.3089599609375,126.0,20,b,30.0,25
22_SFMTA_368_EA_d0_s1127,JUDAH,671.6640370488167,1428.0,110,l,10.0,25
22_SFMTA_368_EA_d1_s1134,JUDAH,1082.753209233284,1190.0,110,l,12.0,25
22_SFMTA_369_EA_d0_s1123,CHURCH,132.09626331925392,357.0,110,l,20.0,25
22_SFMTA_369_EA_d1_s1131,CHURCH,440.9464160203934,476.0,110,l,15.0,25
22_SFMTA_371_EA_d0_s1049,nan,3.3125,63.0,20,b,60.0,25
22_SFMTA_371_EA_d1_s1053,nan,2.2550779581069946,63.0,20,b,60.0,25
22_SFMTA_372_EA_d0_s1050,nan,0,189.0,20,b,20.0,25
22_SFMTA_372_EA_d1_s1054,nan,9.020311832427979,252.0,20,b,15.0,25
22_SFMTA_373_EA_d0_s1052,nan,0,189.0,20,b,20.0,25
22_SFMTA_373_EA_d1_s1055,nan,54.669994711875916,252.0,20,b,15.0,25
22_SFMTA_376_EA_d0_s824,BAYSHORE,497.4404705762863,282.0,20,b,20.0,25
22_SFMTA_376_EA_d1_s828,BAYSHORE,401.15460085868835,564.0,20,b,10.0,25
22_SFMTA_377_EA_d0_s1092,INGLESIDE/THIRD,29.640608072280884,2040.0,110,l,7.0,25
22_SFMTA_377_EA_d1_s1108,INGLESIDE/THIRD,0,476.0,110,l,30.0,25
22_SFMTA_379_EA_d0_s1101,TARAVAL,303.3361942768097,1190.0,110,l,12.0,25
22_SFMTA_379_EA_d1_s1117,TARAVAL,1453.4802066087723,952.0,110,l,15.0,25
22_SFMTA_380_EA_d0_s1103,OCEAN VIEW,238.50696364045143,714.0,110,l,20.0,25
22_SFMTA_380_EA_d1_s1119,OCEAN VIEW,1012.4052811861038,952.0,110,l,15.0,25
22_SFMTA_381_EA_d0_s830,San Bruno,107.95552229881287,126.0,20,b,30.0,25
22_SFMTA_381_EA_d1_s836,San Bruno,134.7379446029663,252.0,20,b,15.0,25
23_AM_196_EA_d0_s487,nan,0,800.0,131,r,60.0,4
23_AM_196_EA_d1_s486,nan,25.64286896586418,800.0,131,r,60.0,4
24_LAVTA_641_EA_d0_s2034,E. BART - Pleasanton - Livermore,0,252.0,17,b,15.0,45
24_LAVTA_641_EA_d1_s2036,E. BART - Pleasanton - Livermore,11.25,126.0,17,b,30.0,45
24_LAVTA_646_EA_d0_s1965,Livermore Livermore Transit Center - Springtown - ,0,126.0,17,b,30.0,45
24_LAVTA_649_EA_d1_s1975,E. BART - Mall - West Dublin - E. BART,0,63.0,17,b,60.0,45
24_LAVTA_657_EA_d0_s1992,Pleasanton ACE Station - W.BART,0,63.0,17,b,60.0,45
24_LAVTA_670_EA_d0_s2025,E BART - Pleasant Hill BART,0,63.0,17,b,60.0,45
24_LAVTA_675_EA_d0_s2039,Livermore - BART -  Mall,10.5,189.0,17,b,20.0,45
25_SB_386_EA_d0_s1151,Vallejo - San Francisco,14.0875004529953,400.0,101,f,60.0,29
26_BART_154_EA_d0_s404,Pittsburg/Bay Point - SFIA/Millbrae,1757.359148144722,1892.0,120,h,15.0,2
26_BART_154_EA_d1_s405,Pittsburg/Bay Point - SFIA/Millbrae,605.6555874347687,1892.0,120,h,15.0,2
26_BART_155_EA_d0_s407,Fremont - Richmond,272.1580931544304,3108.0,120,h,15.0,2
26_BART_155_EA_d1_s406,Fremont - Richmond,220.2992361485958,3108.0,120,h,15.0,2
26_BART_156_EA_d1_s408,Fremont - Daly City,861.873785495758,1892.0,120,h,15.0,2
26_BART_157_EA_d0_s410,Richmond - Daly City/Millbrae,1259.845646256581,1892.0,120,h,15.0,2
26_BART_157_EA_d1_s411,Richmond - Daly City/Millbrae,1092.194206610322,1419.0,120,h,20.0,2
26_BART_158_EA_d0_s412,Dublin/Pleasanton - Daly City,928.6335282325745,1892.0,120,h,15.0,2
26_BART_158_EA_d1_s413,Dublin/Pleasanton - Daly City,617.1878777146339,1892.0,120,h,15.0,2
26_BART_159_EA_d0_s414,Coliseum - Oakland Int'l Airport,0,3330.0,120,h,20.0,2
26_BART_159_EA_d1_s415,Coliseum - Oakland Int'l Airport,34.812828063964844,3330.0,120,h,20.0,2
28_36_207_EA_d0_s538,WC/PH BART - Vacaville/Fairfield,3.9313273429870605,63.0,92,x,60.0,10
28_36_208_EA_d0_s512,FTC/El Cerrito Del Norte BART/Suisun City Amtrak,18.461169242858887,189.0,92,x,20.0,10
28_36_208_EA_d1_s539,FTC/El Cerrito Del Norte BART/Suisun City Amtrak,17.89051628112793,126.0,92,x,30.0,10
28_36_210_EA_d1_s516,Rodriguez High School,6.667186737060547,63.0,52,b,60.0,10
30_AC Transit_100_EA_d0_s274,Eastmont T.C. - Oakland Airport,5.925468787550926,126.0,30,b,30.0,9
30_AC Transit_100_EA_d1_s275,Eastmont T.C. - Oakland Airport,0,126.0,30,b,30.0,9
30_AC Transit_101_EA_d0_s277,CCC/Richmond BART/Ford Pt.,0,126.0,30,b,30.0,9
30_AC Transit_102_EA_d0_s279,Bayfair Bart-Washington Manor-S. L. Bart,9.182235956192017,63.0,30,b,60.0,9
30_AC Transit_103_EA_d0_s280,Hilltop Mall - CCC - del Norte BART,14.374830722808838,126.0,30,b,30.0,9
30_AC Transit_103_EA_d1_s281,Hilltop Mall - CCC - del Norte BART,0,126.0,30,b,30.0,9
30_AC Transit_104_EA_d0_s285,OWL-DTN.OAKLAND/RICHMOND,17.081214018166065,63.0,30,b,60.0,9
30_AC Transit_104_EA_d1_s287,OWL-DTN.OAKLAND/RICHMOND,27.437998490408063,126.0,30,b,30.0,9
30_AC Transit_105_EA_d0_s289,OWL-DTN.OAKLAND/FREMONT BART,90.2545385658741,126.0,30,b,30.0,9
30_AC Transit_105_EA_d1_s288,OWL-DTN.OAKLAND/FREMONT BART,64.94324100017548,126.0,30,b,30.0,9
30_AC Transit_106_EA_d0_s292,OWL- Berkeley-Emeryville/Dnt-Oak,9.789039760828018,126.0,30,b,30.0,9
30_AC Transit_106_EA_d1_s290,OWL- Berkeley-Emeryville/Dnt-Oak,3.4013073444366455,63.0,30,b,60.0,9
30_AC Transit_107_EA_d0_s297,OWL-Dtn. Oakland - Oakland  Airport,36.53028130531311,63.0,30,b,60.0,9
30_AC Transit_107_EA_d1_s293,OWL-Dtn. Oakland - Oakland  Airport,79.99615560472012,126.0,30,b,30.0,9
30_AC Transit_108_EA_d0_s298,Hayward BART - S. Hayward BART,19.039363861083984,63.0,30,b,60.0,9
30_AC Transit_108_EA_d1_s299,Hayward BART - S. Hayward BART,27.79192066192627,63.0,30,b,60.0,9
30_AC Transit_109_EA_d0_s300,OWL-Dtn. Oakland - Eastmont T. C.,14.006091952323914,63.0,30,b,60.0,9
30_AC Transit_109_EA_d1_s301,OWL-Dtn. Oakland - Eastmont T. C.,8.597678020596504,63.0,30,b,60.0,9
30_AC Transit_111_EA_d0_s304,OWL - ALAMEDA/DNT BERK,67.35377338528633,126.0,30,b,30.0,9
30_AC Transit_111_EA_d1_s305,OWL - ALAMEDA/DNT BERK,50.68489599227905,126.0,30,b,30.0,9
30_AC Transit_112_EA_d0_s306,Hayward BART - S. Hayward BART,0,63.0,30,b,60.0,9
30_AC Transit_112_EA_d1_s307,Hayward BART - S. Hayward BART,0,63.0,30,b,60.0,9
30_AC Transit_113_EA_d0_s312,Berkeley BART - Downtown Oakland,73.17388753592968,189.0,30,b,20.0,9
30_AC Transit_113_EA_d1_s313,Berkeley BART - Downtown Oakland,28.602075576782227,126.0,30,b,30.0,9
30_AC Transit_114_EA_d0_s314,San Leandro Bart-S. L. Marina-Bayfair Bart,23.05318784713745,126.0,30,b,30.0,9
30_AC Transit_114_EA_d1_s315,San Leandro Bart-S. L. Marina-Bayfair Bart,9.339814901351929,63.0,30,b,60.0,9
30_AC Transit_115_EA_d0_s317,Hayward Bart-Bayfair Bart-San Lorenzo,2.1651573181152344,63.0,30,b,60.0,9
30_AC Transit_115_EA_d1_s316,Hayward Bart-Bayfair Bart-San Lorenzo,2.082097113132477,63.0,30,b,60.0,9
30_AC Transit_116_EA_d0_s318,Hayward Bart-Hayward Hills,15.19249439239502,63.0,30,b,60.0,9
30_AC Transit_116_EA_d1_s319,Hayward Bart-Hayward Hills,0,63.0,30,b,60.0,9
30_AC Transit_117_EA_d0_s320,Kelly Hill - Hayward BART,0,63.0,30,b,60.0,9
30_AC Transit_117_EA_d1_s323,Kelly Hill - Hayward BART,0,63.0,30,b,60.0,9
30_AC Transit_118_EA_d0_s325,Union City BART - Hesperian Blvd.,4.013890743255615,160.0,30,b,30.0,9
30_AC Transit_118_EA_d1_s326,Union City BART - Hesperian Blvd.,13.381681263446808,80.0,30,b,60.0,9
30_AC Transit_119_EA_d1_s328,Coliseum Bart - 98th Ave.,2.526747941970825,63.0,30,b,60.0,9
30_AC Transit_11_EA_d0_s24,Union Landing - Frmt. Blvd. - Ohlone,0,63.0,30,b,60.0,9
30_AC Transit_11_EA_d1_s25,Union Landing - Frmt. Blvd. - Ohlone,0,126.0,30,b,30.0,9
30_AC Transit_120_EA_d0_s329,Bayfair Bart - Hwd.BART- UC  Bart - Fmt Bart,39.410027265548706,240.0,30,b,20.0,9
30_AC Transit_120_EA_d1_s330,Bayfair Bart - Hwd.BART- UC  Bart - Fmt Bart,23.839682459831238,240.0,30,b,20.0,9
30_AC Transit_124_EA_d1_s340,San Francisco - Piedmont,31.836717128753662,70.0,84,x,60.0,9
30_AC Transit_126_EA_d1_s344,Dumbarton Express,91.56081056594849,140.0,84,x,30.0,9
30_AC Transit_127_EA_d1_s348,Dumbarton Express,68.61883398890495,140.0,84,x,30.0,9
30_AC Transit_129_EA_d1_s356,San Francisco - Berkeley,48.62293219566345,188.0,84,x,30.0,9
30_AC Transit_131_EA_d1_s359,San Francisco - El Cerrito,4.01551649812609,70.0,84,x,60.0,9
30_AC Transit_133_EA_d1_s363,Berkeley - San Francisco,8.852643013000488,94.0,84,x,60.0,9
30_AC Transit_134_EA_d1_s365,San Francisco - El Sobrante,59.36782741546631,140.0,84,x,30.0,9
30_AC Transit_135_EA_d1_s367,San Francisco - El Sobrante,0,188.0,84,x,30.0,9
30_AC Transit_137_EA_d1_s375,Hayward BART- Hillsdale Mall- Oracle,19.843733072280884,70.0,84,x,60.0,9
30_AC Transit_138_EA_d1_s376,San Francisco - Eastmont T.C.,99.86174368858337,188.0,84,x,30.0,9
30_AC Transit_139_EA_d1_s378,East Oakland - San Francisco,40.36458793282509,94.0,84,x,60.0,9
30_AC Transit_142_EA_d1_s381,San Francisco - San Leandro,14.987085700035095,94.0,84,x,60.0,9
30_AC Transit_143_EA_d1_s383,San Francisco - Castro Valley,6.783332824707031,94.0,84,x,60.0,9
30_AC Transit_145_EA_d1_s387,San Francisco - Alameda - Fruitvale Bart,0,188.0,84,x,30.0,9
30_AC Transit_146_EA_d1_s388,San Francisco - Alameda - Bay Farm Is.,0,94.0,84,x,60.0,9
30_AC Transit_148_EA_d1_s392,San Francisco - San Lorenzo- Hayward,7.141316771507263,70.0,84,x,60.0,9
30_AC Transit_149_EA_d1_s394,San Francisco - Hayward - Newark,0,94.0,84,x,60.0,9
30_AC Transit_150_EA_d1_s397,Frmt. BART- Stanford University,5.541199803352356,70.0,84,x,60.0,9
30_AC Transit_151_EA_d1_s398,San Francisco - Montclair,0.1573222279548645,70.0,84,x,60.0,9
30_AC Transit_152_EA_d1_s400,San Francisco - Alameda,0,70.0,84,x,60.0,9
30_AC Transit_15_EA_d0_s42,Frmt BART - Mission - Milpitas - Alder,3.8270089626312256,160.0,30,b,30.0,9
30_AC Transit_15_EA_d1_s43,Frmt BART - Mission - Milpitas - Alder,0,160.0,30,b,30.0,9
30_AC Transit_16_EA_d0_s45,Hayward Bart -South Hayward Bart - Chabot,13.505842477083206,63.0,30,b,60.0,9
30_AC Transit_17_EA_d0_s46,Fremont BART-U.C. BART-Mission-Ohlone Newark,1.762070655822754,63.0,30,b,60.0,9
30_AC Transit_17_EA_d1_s47,Fremont BART-U.C. BART-Mission-Ohlone Newark,0,63.0,30,b,60.0,9
30_AC Transit_18_EA_d0_s48,Fremont BART-Warm Springs,0,63.0,30,b,60.0,9
30_AC Transit_18_EA_d1_s49,Fremont BART-Warm Springs,0,63.0,30,b,60.0,9
30_AC Transit_21_EA_d0_s54,Emeryville/14th Bdwy/lLakeshore,0,63.0,30,b,60.0,9
30_AC Transit_21_EA_d1_s58,Emeryville/14th Bdwy/lLakeshore,3.359912395477295,63.0,30,b,60.0,9
30_AC Transit_23_EA_d0_s61,Alameda Point/ W. Oakland/MACA BART,0,63.0,30,b,60.0,9
30_AC Transit_23_EA_d1_s62,Alameda Point/ W. Oakland/MACA BART,0,63.0,30,b,60.0,9
30_AC Transit_24_EA_d0_s63,Hayward Bart-C.V. Bart-Hwd. Bart-Cherryland,0,63.0,30,b,60.0,9
30_AC Transit_24_EA_d1_s64,Hayward Bart-C.V. Bart-Hwd. Bart-Cherryland,0.13673438131809235,63.0,30,b,60.0,9
30_AC Transit_27_EA_d1_s70,HWD. BART-WHITMAN-SO. HWD. BART,0,63.0,30,b,60.0,9
30_AC Transit_2_EA_d0_s5,Bayfair Bart- Dtn. Berkeley,233.87035140395164,376.0,30,b,15.0,9
30_AC Transit_2_EA_d1_s3,Bayfair Bart- Dtn. Berkeley,91.69500881433487,282.0,30,b,20.0,9
30_AC Transit_30_EA_d0_s75,Dtn. Oakland - Bayfair Bart,38.0932354927063,160.0,30,b,30.0,9
30_AC Transit_30_EA_d1_s77,Dtn. Oakland - Bayfair Bart,7.686177268624306,80.0,30,b,60.0,9
30_AC Transit_31_EA_d1_s80,Eastmont T. C. - Foothill Sq.,25.853022545576096,126.0,30,b,30.0,9
30_AC Transit_32_EA_d0_s82,Coliseum Bart - Knowland Zoo,0,63.0,30,b,60.0,9
30_AC Transit_34_EA_d0_s87,Fruitvale Bart - Maxwell Park,0,63.0,30,b,60.0,9
30_AC Transit_36_EA_d0_s92,Rockridge Bart / Dwight S.P.,0,63.0,30,b,60.0,9
30_AC Transit_37_EA_d0_s94,RockRidge to FBBA,175.93342542648315,378.0,30,b,10.0,9
30_AC Transit_37_EA_d1_s95,RockRidge to FBBA,74.49607396125793,189.0,30,b,20.0,9
30_AC Transit_38_EA_d0_s97,RockRidge - 3RUN,3.100152760744095,189.0,30,b,20.0,9
30_AC Transit_38_EA_d1_s99,RockRidge - 3RUN,55.73187875747681,252.0,30,b,15.0,9
30_AC Transit_39_EA_d0_s101,U.C. Village - U.C. Campus,0.878625750541687,80.0,30,b,60.0,9
30_AC Transit_39_EA_d1_s103,U.C. Village - U.C. Campus,1.6689807176589966,80.0,30,b,60.0,9
30_AC Transit_3_EA_d1_s9,Piedmont - Fruitvale Ave.,10.524790525436401,63.0,30,b,60.0,9
30_AC Transit_40_EA_d1_s105,Fruitvale BART - Merritt College,0,63.0,30,b,60.0,9
30_AC Transit_41_EA_d0_s107,San Pablo Ave to Foothill Sq,0,80.0,30,b,60.0,9
30_AC Transit_41_EA_d1_s106,San Pablo Ave to Foothill Sq,71.2867804467678,160.0,30,b,30.0,9
30_AC Transit_43_EA_d0_s111,CSUEB / HAYWARD BART SHUTTLE,0,240.0,30,b,20.0,9
30_AC Transit_43_EA_d1_s110,CSUEB / HAYWARD BART SHUTTLE,0,160.0,30,b,30.0,9
30_AC Transit_49_EA_d0_s123,West  Oakland - Fruitvale Bart,0,63.0,30,b,60.0,9
30_AC Transit_49_EA_d1_s126,West  Oakland - Fruitvale Bart,13.829352378845215,126.0,30,b,30.0,9
30_AC Transit_5_EA_d0_s13,11th Jefferson - Fruitvale Bart,6.437464728951454,63.0,30,b,60.0,9
30_AC Transit_5_EA_d1_s12,11th Jefferson - Fruitvale Bart,35.28174841403961,189.0,30,b,20.0,9
30_AC Transit_66_EA_d0_s181,Spruce St. - Euclid Ave.,0,63.0,30,b,60.0,9
30_AC Transit_6_EA_d0_s14,San Pablo & Monroe - Moraga & Mountain,35.87170071899891,189.0,30,b,20.0,9
30_AC Transit_6_EA_d1_s15,San Pablo & Monroe - Moraga & Mountain,22.596728086471558,189.0,30,b,20.0,9
30_AC Transit_7_EA_d0_s17,Univ/Calif - BYBA,50.70029000937939,126.0,30,b,30.0,9
30_AC Transit_8_EA_d0_s20,Fruitvale ave - Alameda - 11th Jefferson,29.51613140106201,126.0,30,b,30.0,9
30_AC Transit_8_EA_d1_s22,Fruitvale ave - Alameda - 11th Jefferson,8.878661155700684,189.0,30,b,20.0,9
30_AC Transit_94_EA_d0_s257,D.NORTE BART/BERKELEY BART,0.9877259731292725,63.0,30,b,60.0,9
30_AC Transit_96_EA_d0_s259,Richmond Pkwy TC - El Cerrito Plaza BART,25.342571020126343,126.0,30,b,30.0,9
30_AC Transit_96_EA_d1_s261,Richmond Pkwy TC - El Cerrito Plaza BART,16.086118698120117,63.0,30,b,60.0,9
30_AC Transit_97_EA_d0_s265,Richmond - Downtown Oakland,39.88428223133087,126.0,30,b,30.0,9
30_AC Transit_97_EA_d1_s266,Richmond - Downtown Oakland,14.724703290499747,63.0,30,b,60.0,9
30_AC Transit_98_EA_d0_s268,Richmond - Downtown Oakland,11.79235714673996,63.0,30,b,60.0,9
30_AC Transit_98_EA_d1_s271,Richmond - Downtown Oakland,24.264039950445294,126.0,30,b,30.0,9
30_AC Transit_9_EA_d1_s19,Union City BART-Newpark Mall-Fremont BART,8.279505968093872,63.0,30,b,60.0,9
31_VTA_547_EA_d0_s1626,SANTA CLARA TRANSIT- METRO AIRPORT,0,90.0,28,b,30.0,41
31_VTA_547_EA_d1_s1627,SANTA CLARA TRANSIT- METRO AIRPORT,0,90.0,28,b,30.0,41
31_VTA_549_EA_d0_s1620,SOUTH SAN JOSE - PALO ALTO,3.063534736633301,126.0,81,x,30.0,40
31_VTA_550_EA_d1_s1623,EASTRIDGE - PALO ALTO,21.204904556274414,126.0,81,x,30.0,40
31_VTA_551_EA_d1_s1625,PENITENCIA TRANS CTR - PALO ALTO,3.9038562774658203,63.0,81,x,60.0,40
31_VTA_553_EA_d0_s1632,GILROY TRANS CTR - LOCKHEED MARTIN,0,189.0,81,x,20.0,40
31_VTA_554_EA_d0_s1634,SOUTH SAN JOSE - LOCKHEED MARTIN,0,94.0,81,x,60.0,40
31_VTA_559_EA_d0_s1642,GILROY TRANS CTR - SAN JOSE DIRIDON,0,126.0,81,x,30.0,40
31_VTA_562_EA_d0_s1654,GREAT MALL/MAIN - FREMONT BART,0,63.0,81,x,60.0,40
31_VTA_562_EA_d1_s1657,GREAT MALL/MAIN - FREMONT BART,0,63.0,81,x,60.0,40
31_VTA_563_EA_d0_s1658,SAN JOSE DIRIDON - FREMONT BART,0,63.0,81,x,60.0,40
31_VTA_563_EA_d1_s1661,SAN JOSE DIRIDON - FREMONT BART,2.9595537185668945,126.0,81,x,30.0,40
31_VTA_565_EA_d1_s1671,GILROY TRANS CTR - WREN & MANTELLI,0,126.0,28,b,30.0,39
31_VTA_568_EA_d0_s1677,PALO ALTO - EASTRIDGE,4.8023598194122314,188.0,28,b,30.0,41
31_VTA_568_EA_d1_s1679,PALO ALTO - EASTRIDGE,75.71763038635254,470.0,28,b,12.0,41
31_VTA_569_EA_d0_s1681,DE ANZA COL - ALUM ROCK TRANS CTR,12.26339340209961,126.0,28,b,30.0,41
31_VTA_569_EA_d1_s1685,DE ANZA COL - ALUM ROCK TRANS CTR,0,189.0,28,b,20.0,41
31_VTA_570_EA_d0_s1686,DE ANZA COL - ALUM ROCK TRANS CTR,0,63.0,28,b,60.0,41
31_VTA_570_EA_d1_s1690,DE ANZA COL - ALUM ROCK TRANS CTR,21.204904556274414,126.0,28,b,30.0,41
31_VTA_571_EA_d0_s1692,SUNNYVALE/LOCKHEED - EASTRIDGE,0,63.0,28,b,60.0,41
31_VTA_571_EA_d1_s1695,SUNNYVALE/LOCKHEED - EASTRIDGE,7.982776165008545,126.0,28,b,30.0,41
31_VTA_572_EA_d1_s1699,GOOD SAM HOSP - KAISER SAN JOSE,0,63.0,28,b,60.0,41
31_VTA_573_EA_d0_s1700,S. SAN JOSE - SUNNYVALE TRANS CTR,4.284465789794922,63.0,28,b,60.0,41
31_VTA_575_EA_d1_s1715,SN ANTONIO SHOP CTR - STA CLARA TC,0,63.0,28,b,60.0,39
31_VTA_581_EA_d1_s1722,DNTN MTN VIEW - STANFORD SHOP CTR,0,63.0,28,b,60.0,41
31_VTA_587_EA_d1_s1747,GREAT MALL - MILPITAS HIGH SCHOOL,0,63.0,28,b,60.0,41
31_VTA_593_EA_d0_s1778,PALO ALTO - EASTRIDGE,4.8023598194122314,188.0,28,b,30.0,41
31_VTA_593_EA_d1_s1779,PALO ALTO - EASTRIDGE,6.453094244003296,282.0,28,b,20.0,41
31_VTA_596_EA_d0_s1792,DE ANZA COLLEGE - GREAT AMERICA,0,80.0,28,b,60.0,41
31_VTA_596_EA_d1_s1798,DE ANZA COLLEGE - GREAT AMERICA,0,80.0,28,b,60.0,41
31_VTA_597_EA_d0_s1805,WEST VALLEY COLL - GREAT AMERICA,0,63.0,28,b,60.0,41
31_VTA_598_EA_d0_s1809,WEST VALLEY COLLEGE - ALVISO,0,63.0,28,b,60.0,41
31_VTA_599_EA_d0_s1814,WINCHESTER  TC - GT AMERICA,0,63.0,28,b,60.0,41
31_VTA_600_EA_d0_s1819,GOOD SAM HOSP - SIERRA & PIEDMONT,0,63.0,28,b,60.0,41
31_VTA_600_EA_d1_s1822,GOOD SAM HOSP - SIERRA & PIEDMONT,0,63.0,28,b,60.0,41
31_VTA_601_EA_d1_s1824,GOOD SAM HOSP - SIERRA & PIEDMONT,0,63.0,28,b,60.0,41
31_VTA_603_EA_d0_s1828,ALMADEN LRT - MCKEE & WHITE,0,63.0,28,b,60.0,41
31_VTA_603_EA_d1_s1832,ALMADEN LRT - MCKEE & WHITE,0,63.0,28,b,60.0,41
31_VTA_605_EA_d0_s1839,KAISER SAN JOSE - MILPITAS/DIXON,3.9038562774658203,126.0,28,b,30.0,41
31_VTA_605_EA_d1_s1840,KAISER SAN JOSE - MILPITAS/DIXON,0,126.0,28,b,30.0,41
31_VTA_606_EA_d0_s1846,GILROY TC - SAN JOSE DIRIDON,29.543256759643555,252.0,28,b,15.0,41
31_VTA_606_EA_d1_s1848,GILROY TC - SAN JOSE DIRIDON,0,126.0,28,b,30.0,41
31_VTA_607_EA_d0_s1852,CAPITOL LRT STN - GREAT MALL/MAIN,0,63.0,28,b,60.0,41
31_VTA_607_EA_d1_s1855,CAPITOL LRT STN - GREAT MALL/MAIN,0,126.0,28,b,30.0,41
31_VTA_608_EA_d0_s1857,EASTRIDGE- GREAT MALL/MAIN,0,63.0,28,b,60.0,41
31_VTA_608_EA_d1_s1858,EASTRIDGE- GREAT MALL/MAIN,0,63.0,28,b,60.0,41
31_VTA_609_EA_d0_s1859,SENTER/MONTEREY - DOWNTOWN SAN JOSE,0,126.0,28,b,30.0,41
31_VTA_610_EA_d0_s1861,SNELL & CAPITOL - DOWNTWN SAN JOSE,0,63.0,28,b,60.0,41
31_VTA_611_EA_d0_s1865,EASTRIDGE - GREAT MALL/MAIN,0,63.0,28,b,60.0,41
31_VTA_613_EA_d0_s1886,WESTGATE - DOWNTOWN SAN JOSE,0,63.0,28,b,60.0,41
31_VTA_625_EA_d0_s1908,ALUM ROCK-SANTA TERESA VIA BAYPOINT,20.250515460968018,1026.0,111,l,20.0,41
31_VTA_625_EA_d1_s1917,ALUM ROCK-SANTA TERESA VIA BAYPOINT,3.063534736633301,1026.0,111,l,20.0,41
31_VTA_626_EA_d0_s1924,MOUNTAIN VIEW - WINCHESTER,48.272961139678955,1368.0,111,l,15.0,41
31_VTA_626_EA_d1_s1930,MOUNTAIN VIEW - WINCHESTER,1.7512714862823486,1026.0,111,l,20.0,41
35__222_EA_d0_s547,Santa Rosa - San Francisco,63.622337222099304,63.0,87,x,60.0,8
35__222_EA_d1_s549,Santa Rosa - San Francisco,107.53116196393967,63.0,87,x,60.0,8
35__224_EA_d1_s553,San Rafael - Sausalito,23.41022300720215,63.0,70,b,60.0,8
35__225_EA_d1_s556,College of Marin - San Francisco,27.333333492279053,63.0,87,x,60.0,8
35__227_EA_d1_s560,San Rafael - Marin City,15.169057607650757,63.0,70,b,60.0,8
35__228_EA_d1_s565,San Rafael/Canal - Fairfax/Manor,12.538386583328247,63.0,70,b,60.0,8
35__229_EA_d1_s567,Fairfax/Manor - San Francisco,29.953178763389587,126.0,87,x,30.0,8
35__231_EA_d1_s580,San Anselmo - San Francisco,22.892892122268677,63.0,87,x,60.0,8
35__234_EA_d0_s592,Canal - San Rafael Transit Center,0,63.0,70,b,60.0,8
35__234_EA_d1_s593,Canal - San Rafael Transit Center,0,63.0,70,b,60.0,8
35__238_EA_d1_s604,Mill Valley - San Francisco,17.11111068725586,63.0,87,x,60.0,8
35__240_EA_d0_s616,Del Norte BART Station - San Rafael,2.0,63.0,87,x,60.0,8
35__240_EA_d1_s615,Del Norte BART Station - San Rafael,36.806018114089966,63.0,87,x,60.0,8
35__244_EA_d1_s625,Novato/San Marin - San Francisco,92.24305295944214,63.0,87,x,60.0,8
35__245_EA_d1_s636,San Marin - San Francisco via Broadway Tunnel,46.159722328186035,63.0,87,x,60.0,8
35__247_EA_d0_s639,Novato - San Francisco,82.63526046276093,63.0,87,x,60.0,8
35__247_EA_d1_s643,Novato - San Francisco,197.2579379081726,126.0,87,x,30.0,8
35__249_EA_d1_s649,Santa Rosa - San Francisco,92.70942640304565,126.0,87,x,30.0,8
35__250_EA_d1_s652,Santa Rosa - San Francisco,25.850698232650757,126.0,87,x,30.0,8
35__251_EA_d1_s654,Santa Rosa - San Francisco,54.93574905395508,189.0,70,b,20.0,8
35__252_EA_d1_s658,East Petaluma - San Francisco,66.81932497024536,189.0,87,x,20.0,8
35__255_EA_d1_s665,Golden Gate Bridge Toll Plaza - San Francisco,23.122188568115234,63.0,70,b,60.0,8
35__256_EA_d1_s667,Larkspur Ferry Terminal - San Francisco,0,63.0,70,b,60.0,8
36_UCT_538_EA_d0_s1608,Delores,5.149361729621887,126.0,38,b,30.0,38
36_UCT_539_EA_d0_s1610,Whipple,4.651334345340729,63.0,38,b,60.0,38
36_UCT_540_EA_d0_s1609,Whipple Short,4.033337354660034,63.0,38,b,60.0,38
36_UCT_543_EA_d0_s1613,Dyer,5.149361729621887,126.0,38,b,30.0,38
36_UCT_545_EA_d0_s1615,Alvarado-Niles,1.956683874130249,63.0,38,b,60.0,38
37_392_692_EA_d0_s2122,Crockett - Rodeo - Hercules,0,63.0,46,b,60.0,49
37_392_693_EA_d0_s2098,Trees and Flowers,0,63.0,46,b,60.0,49
37_392_693_EA_d1_s2083,Trees and Flowers,0,63.0,46,b,60.0,49
37_392_694_EA_d0_s2110,Rodeo - Hercules (Viewpointe/North Shore Business ,0,63.0,46,b,60.0,49
37_392_695_EA_d0_s2097,Pinole Valley - Old Town Pinole - Richmond Parkway,0,126.0,46,b,30.0,49
37_392_695_EA_d1_s2085,Pinole Valley - Old Town Pinole - Richmond Parkway,0,126.0,46,b,30.0,49
37_392_697_EA_d1_s2080,Tara Hills - Richmond Parkway Transit Center - Hil,0,63.0,46,b,60.0,49
37_392_699_EA_d0_s2072,Rodeo/Hercules/San Francisco Transbay Terminal,0,70.0,90,x,60.0,50
37_392_699_EA_d1_s2075,Rodeo/Hercules/San Francisco Transbay Terminal,0,210.0,90,x,20.0,50
37_392_700_EA_d0_s2103,Hercules Transit Center - Pinole - Richmond - BART,0,210.0,90,x,20.0,49
37_392_700_EA_d1_s2100,Hercules Transit Center - Pinole - Richmond - BART,0,140.0,90,x,30.0,49
37_392_701_EA_d0_s2078,Hercules Transit Center - Pinole - Richmond - BART,0,70.0,90,x,60.0,49
37_392_701_EA_d1_s2086,Hercules Transit Center - Pinole - Richmond - BART,0,140.0,90,x,30.0,49
37_392_702_EA_d0_s2120,Hercules Transit Center - El Cerrito del Norte BAR,0,140.0,90,x,30.0,49
37_392_702_EA_d1_s2102,Hercules Transit Center - El Cerrito del Norte BAR,0,210.0,90,x,20.0,49
37_392_703_EA_d0_s2089,Hercules Transit Center - El Cerrito del Norte BAR,0,70.0,90,x,60.0,49
37_392_703_EA_d1_s2074,Hercules Transit Center - El Cerrito del Norte BAR,0,210.0,90,x,20.0,49
38_362_627_EA_d0_s1934,Route 10,12.578344345092773,126.0,60,b,30.0,42
38_362_633_EA_d0_s1941,Route 21,0,63.0,60,b,60.0,44
38_362_635_EA_d0_s1945,Route 29,0,63.0,94,x,60.0,43
38_362_635_EA_d1_s1946,Route 29,0,126.0,94,x,30.0,43
38_362_637_EA_d1_s1950,Route 11,0,63.0,60,b,60.0,42
4_tri-delta_525_EA_d0_s1601,Pittsburg BART / Kaiser Deer Valley,0,63.0,44,b,60.0,37
4_tri-delta_525_EA_d1_s1602,Pittsburg BART / Kaiser Deer Valley,30.092548310756683,126.0,44,b,30.0,37
4_tri-delta_527_EA_d0_s1603,Pittsburg BART / Bay Point,3.1386549174785614,63.0,44,b,60.0,37
4_tri-delta_530_EA_d1_s1582,Express Bart / Brentwood,0,189.0,44,b,20.0,36
4_tri-delta_531_EA_d0_s1585,Pittsburg BART / Antioch,33.5,126.0,44,b,30.0,37
4_tri-delta_531_EA_d1_s1588,Pittsburg BART / Antioch,78.66740840673447,126.0,44,b,30.0,37
4_tri-delta_533_EA_d0_s1606,Pittsburg BART / Brentwood,11.0,63.0,44,b,60.0,37
4_tri-delta_533_EA_d1_s1607,Pittsburg BART / Brentwood,2.7619049549102783,126.0,44,b,30.0,37
4_tri-delta_535_EA_d1_s1600,Pittsburg BART / Antioch,9.786274164915085,63.0,44,b,60.0,37
4_tri-delta_536_EA_d1_s1605,Pittsburg BART / Antioch,0,126.0,44,b,30.0,37
4_tri-delta_537_EA_d1_s1580,Pittsburg / Concord BART,11.232377529144287,126.0,44,b,30.0,36
5_CE_1_EA_d0_s1,nan,0,800.0,133,r,60.0,1
6_samtrans-ca-us_390_EA_d0_s1158,Daly City BART - Linda Mar Park & Ride,16.91952109336853,63.0,24,b,60.0,6
6_samtrans-ca-us_391_EA_d0_s1163,Colma BART - Linda Mar Park & Ride,3.4092633724212646,63.0,24,b,60.0,6
6_samtrans-ca-us_392_EA_d1_s1166,Linda Mar Park & Ride - Colma BART,0,63.0,24,b,60.0,6
6_samtrans-ca-us_393_EA_d0_s1169,Colma BART - Brunswick/Templeton,37.19485902786255,126.0,24,b,30.0,6
6_samtrans-ca-us_393_EA_d1_s1168,Colma BART - Brunswick/Templeton,8.4302077293396,126.0,24,b,30.0,6
6_samtrans-ca-us_394_EA_d0_s1170,Lowell/Hanover - Skyline College,1.1722182035446167,63.0,24,b,60.0,6
6_samtrans-ca-us_394_EA_d1_s1171,Lowell/Hanover - Skyline College,2.8724935054779053,63.0,24,b,60.0,6
6_samtrans-ca-us_395_EA_d0_s1177,South SF BART - Stonestown/SF State,0,126.0,24,b,30.0,6
6_samtrans-ca-us_396_EA_d0_s1180,Daly City BART - Colma BART,0,189.0,24,b,20.0,6
6_samtrans-ca-us_397_EA_d0_s1184,Airport/Linden - Serramonte Center,0.1957787722349167,63.0,24,b,60.0,6
6_samtrans-ca-us_397_EA_d1_s1183,Airport/Linden - Serramonte Center,23.85714054107666,189.0,24,b,20.0,6
6_samtrans-ca-us_400_EA_d0_s1190,Airtrain - West Manor/Palmetto,0,63.0,24,b,60.0,6
6_samtrans-ca-us_403_EA_d0_s1208,Linda Mar Park & Ride - Pescadero,19.641026973724365,63.0,24,b,60.0,6
6_samtrans-ca-us_403_EA_d1_s1213,Linda Mar Park & Ride - Pescadero,0,63.0,24,b,60.0,6
6_samtrans-ca-us_407_EA_d0_s1230,5th/El Camino - College of San Mateo,0,63.0,24,b,60.0,6
6_samtrans-ca-us_411_EA_d0_s1244,San Carlos Caltrain - College of San Mateo,0,63.0,24,b,60.0,6
6_samtrans-ca-us_418_EA_d1_s1268,Purdue/Fordham - Stanford Mall,0,63.0,24,b,60.0,6
6_samtrans-ca-us_419_EA_d0_s1274,Onetta Harris Ctr - Stanford Mall,0,63.0,24,b,60.0,6
6_samtrans-ca-us_422_EA_d0_s1284,San Francisco - SFO - Hillsdale Mall,45.24276280403137,188.0,24,b,30.0,6
6_samtrans-ca-us_422_EA_d1_s1282,San Francisco - SFO - Hillsdale Mall,26.73017191886902,188.0,24,b,30.0,6
6_samtrans-ca-us_423_EA_d1_s1287,SM Med Ctr - Hillsdale - CSM - Half Moon Bay,0,75.0,24,b,60.0,6
6_samtrans-ca-us_424_EA_d1_s1291,San Mateo Caltrain - San Carlos Caltrain,0,75.0,24,b,60.0,6
6_samtrans-ca-us_425_EA_d0_s1293,Redwood City Transit Cente - Bayshore/Donohoe,47.568397521972656,225.0,24,b,20.0,6
6_samtrans-ca-us_426_EA_d0_s1294,Redwood City Transit Ctr - Palo Alto Transit Ctr,14.185711860656738,150.0,24,b,30.0,6
6_samtrans-ca-us_431_EA_d1_s1310,San Francisco - Palo Alto Transit Ctr,72.95345461368561,126.0,24,b,30.0,6
6_samtrans-ca-us_432_EA_d1_s1313,San Bruno BART - Redwood City Transit Ctr,0.3705812692642212,94.0,24,b,60.0,6
6_samtrans-ca-us_459_EA_d0_s1377,Daly City BART - Palo Alto Transit Ctr,202.48693239688873,376.0,24,b,15.0,6
6_samtrans-ca-us_459_EA_d1_s1379,Daly City BART - Palo Alto Transit Ctr,70.56364795565605,470.0,24,b,12.0,6
6_samtrans-ca-us_462_EA_d0_s1395,SF - SFO - Redwood City Transit Ctr EXPPRESS,7.4941224455833435,75.0,80,x,60.0,6
7__266_EA_d0_s703,Medical Center,0,180.0,13,b,15.0,22
7__270_EA_d0_s686,Line AE-F,35.23110008239746,135.0,13,b,20.0,22
7__272_EA_d0_s697,Line C,0,45.0,13,b,60.0,22
7__279_EA_d0_s704,Medical Center: Holiday,0,90.0,13,b,30.0,22
7__280_EA_d0_s737,Line X - Express Service,0,45.0,13,b,60.0,22
7__284_EA_d0_s700,East Bay Express,8.533095598220825,45.0,13,b,60.0,22
7__287_EA_d0_s702,Hospital: Direct,8.273810386657715,450.0,13,b,6.0,22
pnr_Alameda Main_SF Ferry_acc_EA,Alameda Main_SF Ferry,0,555555.5555555555,11,p,1.08,99
pnr_Alameda Main_SF Ferry_egr_EA,Alameda Main_SF Ferry,0,555555.5555555555,11,p,1.08,99
pnr_Alder_SCVTA LRT_acc_EA,Alder_SCVTA LRT,0,689655.1724137932,11,p,0.87,99
pnr_Alder_SCVTA LRT_egr_EA,Alder_SCVTA LRT,0,689655.1724137932,11,p,0.87,99
pnr_Alum Rock_SCVTA LRT_acc_EA,Alum Rock_SCVTA LRT,0,275229.3577981651,11,p,2.18,99
pnr_Alum Rock_SCVTA LRT_egr_EA,Alum Rock_SCVTA LRT,0,275229.3577981651,11,p,2.18,99
pnr_Ashby_BART_acc_EA,Ashby_BART,13.547192573547363,1034482.7586206897,11,p,0.58,99
pnr_Ashby_BART_egr_EA,Ashby_BART,0.33037668466567993,1034482.7586206897,11,p,0.58,99
pnr_Bascom_SCVTA LRT_acc_EA,Bascom_SCVTA LRT,4.990622043609619,280373.8317757009,11,p,2.14,99
pnr_Bascom_SCVTA LRT_egr_EA,Bascom_SCVTA LRT,0,280373.8317757009,11,p,2.14,99
pnr_BayFair_BART_acc_EA,BayFair_BART,88.50223541259766,769230.7692307692,11,p,0.78,99
pnr_BayFair_BART_egr_EA,BayFair_BART,0,769230.7692307692,11,p,0.78,99
pnr_Bayshore_Caltrain_acc_EA,Bayshore_Caltrain,0,94936.70886075949,11,p,6.32,99
pnr_Bayshore_Caltrain_egr_EA,Bayshore_Caltrain,6.861110210418701,94936.70886075949,11,p,6.32,99
pnr_Belmont_Caltrain_acc_EA,Belmont_Caltrain,42.94745635986328,967741.935483871,11,p,0.62,99
pnr_Belmont_Caltrain_egr_EA,Belmont_Caltrain,0,967741.935483871,11,p,0.62,99
pnr_Berkeley_Capitol_acc_EA,Berkeley_Capitol,0,869565.2173913044,11,p,0.69,99
pnr_Berkeley_Capitol_egr_EA,Berkeley_Capitol,0,869565.2173913044,11,p,0.69,99
pnr_Blossom Hill_Caltrain_acc_EA,Blossom Hill_Caltrain,0,1071428.5714285714,11,p,0.56,99
pnr_Blossom Hill_Caltrain_egr_EA,Blossom Hill_Caltrain,0,1071428.5714285714,11,p,0.56,99
pnr_Blossom Hill_SCVTA LRT_acc_EA,Blossom Hill_SCVTA LRT,0,600000.0,11,p,1.0,99
pnr_Blossom Hill_SCVTA LRT_egr_EA,Blossom Hill_SCVTA LRT,0,600000.0,11,p,1.0,99
pnr_Branham_SCVTA LRT_acc_EA,Branham_SCVTA LRT,0,674157.3033707865,11,p,0.89,99
pnr_Branham_SCVTA LRT_egr_EA,Branham_SCVTA LRT,0,674157.3033707865,11,p,0.89,99
pnr_Burlingame_Caltrain_acc_EA,Burlingame_Caltrain,0,172413.7931034483,11,p,3.48,99
pnr_Burlingame_Caltrain_egr_EA,Burlingame_Caltrain,0,172413.7931034483,11,p,3.48,99
pnr_California Ave_Caltrain_acc_EA,California Ave_Caltrain,0,422535.21126760566,11,p,1.42,99
pnr_California Ave_Caltrain_egr_EA,California Ave_Caltrain,0,422535.21126760566,11,p,1.42,99
pnr_Capitol_Caltrain_acc_EA,Capitol_Caltrain,0,952380.9523809524,11,p,0.63,99
pnr_Capitol_Caltrain_egr_EA,Capitol_Caltrain,0,952380.9523809524,11,p,0.63,99
pnr_Capitol_SCVTA LRT_acc_EA,Capitol_SCVTA LRT,0,789473.6842105263,11,p,0.76,99
pnr_Capitol_SCVTA LRT_egr_EA,Capitol_SCVTA LRT,0,789473.6842105263,11,p,0.76,99
pnr_Castro Valley_BART_acc_EA,Castro Valley_BART,23.09490394592285,638297.8723404256,11,p,0.94,99
pnr_Castro Valley_BART_egr_EA,Castro Valley_BART,0,638297.8723404256,11,p,0.94,99
pnr_Coliseum_BART_acc_EA,Coliseum_BART,39.55020523071289,952380.9523809524,11,p,0.63,99
pnr_Coliseum_BART_egr_EA,Coliseum_BART,1.7620090246200562,952380.9523809524,11,p,0.63,99
pnr_Coliseum_Capitol_acc_EA,Coliseum_Capitol,0,87463.55685131195,11,p,6.86,99
pnr_Coliseum_Capitol_egr_EA,Coliseum_Capitol,0,87463.55685131195,11,p,6.86,99
pnr_Colma_BART_acc_EA,Colma_BART,20.93494415283203,340909.0909090909,11,p,1.76,99
pnr_Colma_BART_egr_EA,Colma_BART,0,340909.0909090909,11,p,1.76,99
pnr_Concord_BART_acc_EA,Concord_BART,94.65416717529297,909090.9090909091,11,p,0.66,99
pnr_Concord_BART_egr_EA,Concord_BART,0.03496049717068672,909090.9090909091,11,p,0.66,99
pnr_Cottle_SCVTA LRT_acc_EA,Cottle_SCVTA LRT,0,526315.7894736843,11,p,1.14,99
pnr_Cottle_SCVTA LRT_egr_EA,Cottle_SCVTA LRT,0,526315.7894736843,11,p,1.14,99
pnr_Curtner_SCVTA LRT_acc_EA,Curtner_SCVTA LRT,0,1111111.111111111,11,p,0.54,99
pnr_Curtner_SCVTA LRT_egr_EA,Curtner_SCVTA LRT,0,1111111.111111111,11,p,0.54,99
pnr_Daly City_BART_acc_EA,Daly City_BART,307.2914123535156,618556.7010309278,11,p,0.97,99
pnr_Daly City_BART_egr_EA,Daly City_BART,0.6013205051422119,618556.7010309278,11,p,0.97,99
pnr_Dublin/Pleasanton_BART_acc_EA,Dublin/Pleasanton_BART,84.71569061279297,333333.3333333333,11,p,1.8,99
pnr_Dublin/Pleasanton_BART_egr_EA,Dublin/Pleasanton_BART,4.768611431121826,333333.3333333333,11,p,1.8,99
pnr_El Cerrito Plaza_BART_acc_EA,El Cerrito Plaza_BART,24.952016830444336,3000000.0,11,p,0.2,99
pnr_El Cerrito Plaza_BART_egr_EA,El Cerrito Plaza_BART,0,3000000.0,11,p,0.2,99
pnr_El Cerrito del Norte_BART_acc_EA,El Cerrito del Norte_BART,121.99860382080078,800000.0,11,p,0.75,99
pnr_El Cerrito del Norte_BART_egr_EA,El Cerrito del Norte_BART,0,800000.0,11,p,0.75,99
pnr_Emeryville_Capitol_acc_EA,Emeryville_Capitol,0,312500.0,11,p,1.92,99
pnr_Emeryville_Capitol_egr_EA,Emeryville_Capitol,0,312500.0,11,p,1.92,99
pnr_Fremont_ACE_acc_EA,Fremont_ACE,0,297029.702970297,11,p,2.02,99
pnr_Fremont_ACE_egr_EA,Fremont_ACE,0,297029.702970297,11,p,2.02,99
pnr_Fremont_BART_acc_EA,Fremont_BART,72.43878173828125,845070.4225352113,11,p,0.71,99
pnr_Fremont_BART_egr_EA,Fremont_BART,7.5130109786987305,845070.4225352113,11,p,0.71,99
pnr_Fremont_Capitol_acc_EA,Fremont_Capitol,0,408163.2653061225,11,p,1.47,99
pnr_Fremont_Capitol_egr_EA,Fremont_Capitol,0,408163.2653061225,11,p,1.47,99
pnr_Fruitvale_BART_acc_EA,Fruitvale_BART,132.04830932617188,1500000.0,11,p,0.4,99
pnr_Fruitvale_BART_egr_EA,Fruitvale_BART,5.132200717926025,1500000.0,11,p,0.4,99
pnr_Gilroy_Caltrain_acc_EA,Gilroy_Caltrain,0,1153846.1538461538,11,p,0.52,99
pnr_Gilroy_Caltrain_egr_EA,Gilroy_Caltrain,0,1153846.1538461538,11,p,0.52,99
pnr_Glen Park_BART_acc_EA,Glen Park_BART,0,895522.3880597014,11,p,0.67,99
pnr_Glen Park_BART_egr_EA,Glen Park_BART,48.57035446166992,895522.3880597014,11,p,0.67,99
pnr_Great America_ACE_acc_EA,Great America_ACE,0,232558.13953488372,11,p,2.58,99
pnr_Great America_ACE_egr_EA,Great America_ACE,0,232558.13953488372,11,p,2.58,99
pnr_Great America_Capitol_acc_EA,Great America_Capitol,0,437956.204379562,11,p,1.37,99
pnr_Great America_Capitol_egr_EA,Great America_Capitol,0,437956.204379562,11,p,1.37,99
pnr_Great Mall_SCVTA LRT_acc_EA,Great Mall_SCVTA LRT,0,232558.13953488372,11,p,2.58,99
pnr_Great Mall_SCVTA LRT_egr_EA,Great Mall_SCVTA LRT,0,232558.13953488372,11,p,2.58,99
pnr_Harbor Bay_SF Ferry_acc_EA,Harbor Bay_SF Ferry,0,625000.0,11,p,0.96,99
pnr_Harbor Bay_SF Ferry_egr_EA,Harbor Bay_SF Ferry,0,625000.0,11,p,0.96,99
pnr_Hayward Park_Caltrain_acc_EA,Hayward Park_Caltrain,9.693380355834961,526315.7894736843,11,p,1.14,99
pnr_Hayward Park_Caltrain_egr_EA,Hayward Park_Caltrain,0,526315.7894736843,11,p,1.14,99
pnr_Hayward_BART_acc_EA,Hayward_BART,46.547203063964844,652173.9130434783,11,p,0.92,99
pnr_Hayward_BART_egr_EA,Hayward_BART,6.32942533493042,652173.9130434783,11,p,0.92,99
pnr_Hayward_Capitol_acc_EA,Hayward_Capitol,0,174927.1137026239,11,p,3.43,99
pnr_Hayward_Capitol_egr_EA,Hayward_Capitol,0,174927.1137026239,11,p,3.43,99
pnr_Hillsdale_Caltrain_acc_EA,Hillsdale_Caltrain,38.92396545410156,1153846.1538461538,11,p,0.52,99
pnr_Hillsdale_Caltrain_egr_EA,Hillsdale_Caltrain,10.5964994430542,1153846.1538461538,11,p,0.52,99
pnr_Hostetter_SCVTA LRT_acc_EA,Hostetter_SCVTA LRT,0,250000.0,11,p,2.4,99
pnr_Hostetter_SCVTA LRT_egr_EA,Hostetter_SCVTA LRT,0,250000.0,11,p,2.4,99
pnr_Jack London Square_Capitol_acc_EA,Jack London Square_Capitol,0,606060.6060606061,11,p,0.99,99
pnr_Jack London Square_Capitol_egr_EA,Jack London Square_Capitol,0,606060.6060606061,11,p,0.99,99
pnr_Lafayette_BART_acc_EA,Lafayette_BART,31.79496192932129,1363636.3636363635,11,p,0.44,99
pnr_Lafayette_BART_egr_EA,Lafayette_BART,22.380544662475586,1363636.3636363635,11,p,0.44,99
pnr_Lake Merritt_BART_acc_EA,Lake Merritt_BART,2.9366817474365234,1090909.0909090908,11,p,0.55,99
pnr_Lake Merritt_BART_egr_EA,Lake Merritt_BART,2.072680711746216,1090909.0909090908,11,p,0.55,99
pnr_Larkspur_SMART_acc_EA,Larkspur_SMART,388.6588439941406,110091.74311926604,11,p,5.45,99
pnr_Larkspur_SMART_egr_EA,Larkspur_SMART,0,110091.74311926604,11,p,5.45,99
pnr_Lawrence_Caltrain_acc_EA,Lawrence_Caltrain,0,304568.52791878174,11,p,1.97,99
pnr_Lawrence_Caltrain_egr_EA,Lawrence_Caltrain,0,304568.52791878174,11,p,1.97,99
pnr_Livermore_ACE_acc_EA,Livermore_ACE,0,508474.57627118647,11,p,1.18,99
pnr_Livermore_ACE_egr_EA,Livermore_ACE,0,508474.57627118647,11,p,1.18,99
pnr_MacArthur_BART_acc_EA,MacArthur_BART,78.3934555053711,359281.43712574855,11,p,1.67,99
pnr_MacArthur_BART_egr_EA,MacArthur_BART,0,359281.43712574855,11,p,1.67,99
pnr_Martinez_Capitol_acc_EA,Martinez_Capitol,0,340909.0909090909,11,p,1.76,99
pnr_Martinez_Capitol_egr_EA,Martinez_Capitol,0,340909.0909090909,11,p,1.76,99
pnr_Menlo Park_Caltrain_acc_EA,Menlo Park_Caltrain,0,387096.77419354836,11,p,1.55,99
pnr_Menlo Park_Caltrain_egr_EA,Menlo Park_Caltrain,0,387096.77419354836,11,p,1.55,99
pnr_Millbrae_BART_acc_EA,Millbrae_BART,22.04495620727539,307692.3076923077,11,p,1.95,99
pnr_Millbrae_BART_egr_EA,Millbrae_BART,0,307692.3076923077,11,p,1.95,99
pnr_Millbrae_Caltrain_acc_EA,Millbrae_Caltrain,0,472440.94488188974,11,p,1.27,99
pnr_Millbrae_Caltrain_egr_EA,Millbrae_Caltrain,5.848308563232422,472440.94488188974,11,p,1.27,99
pnr_Milpitas_SCVTA LRT_acc_EA,Milpitas_SCVTA LRT,0,689655.1724137932,11,p,0.87,99
pnr_Milpitas_SCVTA LRT_egr_EA,Milpitas_SCVTA LRT,0,689655.1724137932,11,p,0.87,99
pnr_Moffett Park_SCVTA LRT_acc_EA,Moffett Park_SCVTA LRT,0,72463.76811594203,11,p,8.28,99
pnr_Moffett Park_SCVTA LRT_egr_EA,Moffett Park_SCVTA LRT,0,72463.76811594203,11,p,8.28,99
pnr_Morgan Hill_Caltrain_acc_EA,Morgan Hill_Caltrain,0,1363636.3636363635,11,p,0.44,99
pnr_Morgan Hill_Caltrain_egr_EA,Morgan Hill_Caltrain,0,1363636.3636363635,11,p,0.44,99
pnr_Mountain View_Caltrain_acc_EA,Mountain View_Caltrain,56.19134521484375,845070.4225352113,11,p,0.71,99
pnr_Mountain View_Caltrain_egr_EA,Mountain View_Caltrain,6.699999809265137,845070.4225352113,11,p,0.71,99
pnr_Mountain View_SCVTA LRT_acc_EA,Mountain View_SCVTA LRT,0,845070.4225352113,11,p,0.71,99
pnr_Mountain View_SCVTA LRT_egr_EA,Mountain View_SCVTA LRT,0,845070.4225352113,11,p,0.71,99
pnr_North Berkeley_BART_acc_EA,North Berkeley_BART,5.691568374633789,1250000.0,11,p,0.48,99
pnr_North Berkeley_BART_egr_EA,North Berkeley_BART,0,1250000.0,11,p,0.48,99
pnr_North Concord/Martinez_BART_acc_EA,North Concord/Martinez_BART,26.23995018005371,243902.43902439025,11,p,2.46,99
pnr_North Concord/Martinez_BART_egr_EA,North Concord/Martinez_BART,0,243902.43902439025,11,p,2.46,99
pnr_Oakland Terminal_SF Ferry_acc_EA,Oakland Terminal_SF Ferry,0,625000.0,11,p,0.96,99
pnr_Oakland Terminal_SF Ferry_egr_EA,Oakland Terminal_SF Ferry,0,625000.0,11,p,0.96,99
pnr_Ohlone/Chynoweth_SCVTA_acc_EA,Ohlone/Chynoweth_SCVTA,7.982776165008545,689655.1724137932,11,p,0.87,99
pnr_Ohlone/Chynoweth_SCVTA_egr_EA,Ohlone/Chynoweth_SCVTA,0,689655.1724137932,11,p,0.87,99
pnr_Orinda_BART_acc_EA,Orinda_BART,38.42696762084961,625000.0,11,p,0.96,99
pnr_Orinda_BART_egr_EA,Orinda_BART,0,625000.0,11,p,0.96,99
pnr_Palo Alto_Caltrain_acc_EA,Palo Alto_Caltrain,56.87680435180664,731707.3170731708,11,p,0.82,99
pnr_Palo Alto_Caltrain_egr_EA,Palo Alto_Caltrain,0,731707.3170731708,11,p,0.82,99
pnr_Penitencia Creek_SCVTA LRT_acc_EA,Penitencia Creek_SCVTA LRT,0,132450.3311258278,11,p,4.53,99
pnr_Penitencia Creek_SCVTA LRT_egr_EA,Penitencia Creek_SCVTA LRT,0,132450.3311258278,11,p,4.53,99
pnr_Pittsburg/Bay Point_BART_acc_EA,Pittsburg/Bay Point_BART,234.37913513183594,331491.71270718233,11,p,1.81,99
pnr_Pittsburg/Bay Point_BART_egr_EA,Pittsburg/Bay Point_BART,0.06292889267206192,331491.71270718233,11,p,1.81,99
pnr_Pleasant Hill_BART_acc_EA,Pleasant Hill_BART,142.30755615234375,335195.53072625695,11,p,1.79,99
pnr_Pleasant Hill_BART_egr_EA,Pleasant Hill_BART,0,335195.53072625695,11,p,1.79,99
pnr_Plesanton_ACE_acc_EA,Plesanton_ACE,0,625000.0,11,p,0.96,99
pnr_Plesanton_ACE_egr_EA,Plesanton_ACE,0,625000.0,11,p,0.96,99
pnr_Redwood City_Caltrain_acc_EA,Redwood City_Caltrain,6.253267288208008,1395348.8372093022,11,p,0.43,99
pnr_Redwood City_Caltrain_egr_EA,Redwood City_Caltrain,4.051938056945801,1395348.8372093022,11,p,0.43,99
pnr_Richmond_BART_acc_EA,Richmond_BART,64.79872131347656,555555.5555555555,11,p,1.08,99
pnr_Richmond_BART_egr_EA,Richmond_BART,0.43001410365104675,555555.5555555555,11,p,1.08,99
pnr_Richmond_Capitol_acc_EA,Richmond_Capitol,0,50000.0,11,p,12.0,99
pnr_Richmond_Capitol_egr_EA,Richmond_Capitol,0,50000.0,11,p,12.0,99
pnr_Rockridge_BART_acc_EA,Rockridge_BART,20.34573745727539,1090909.0909090908,11,p,0.55,99
pnr_Rockridge_BART_egr_EA,Rockridge_BART,0,1090909.0909090908,11,p,0.55,99
pnr_San Antonio_Caltrain_acc_EA,San Antonio_Caltrain,0,495867.76859504136,11,p,1.21,99
pnr_San Antonio_Caltrain_egr_EA,San Antonio_Caltrain,0,495867.76859504136,11,p,1.21,99
pnr_San Bruno_BART_acc_EA,San Bruno_BART,19.884485244750977,410958.90410958906,11,p,1.46,99
pnr_San Bruno_BART_egr_EA,San Bruno_BART,9.69932746887207,410958.90410958906,11,p,1.46,99
pnr_San Bruno_Caltrain_acc_EA,San Bruno_Caltrain,0,504201.6806722689,11,p,1.19,99
pnr_San Bruno_Caltrain_egr_EA,San Bruno_Caltrain,0,504201.6806722689,11,p,1.19,99
pnr_San Carlos_Caltrain_acc_EA,San Carlos_Caltrain,15.489212036132812,625000.0,11,p,0.96,99
pnr_San Carlos_Caltrain_egr_EA,San Carlos_Caltrain,0,625000.0,11,p,0.96,99
pnr_San Jose Diridon_ACE_acc_EA,San Jose Diridon_ACE,210.99493408203125,833333.3333333334,11,p,0.72,99
pnr_San Jose Diridon_ACE_egr_EA,San Jose Diridon_ACE,0.08507054299116135,833333.3333333334,11,p,0.72,99
pnr_San Jose Diridon_Caltrain_acc_EA,San Jose Diridon_Caltrain,12.26339340209961,833333.3333333334,11,p,0.72,99
pnr_San Jose Diridon_Caltrain_egr_EA,San Jose Diridon_Caltrain,0.08507054299116135,833333.3333333334,11,p,0.72,99
pnr_San Jose Diridon_Capitol_acc_EA,San Jose Diridon_Capitol,0,833333.3333333334,11,p,0.72,99
pnr_San Jose Diridon_Capitol_egr_EA,San Jose Diridon_Capitol,0.08507054299116135,833333.3333333334,11,p,0.72,99
pnr_San Jose Diridon_SCVTA LRT_acc_EA,San Jose Diridon_SCVTA LRT,0,833333.3333333334,11,p,0.72,99
pnr_San Jose Diridon_SCVTA LRT_egr_EA,San Jose Diridon_SCVTA LRT,0,833333.3333333334,11,p,0.72,99
pnr_San Leandro_BART_acc_EA,San Leandro_BART,67.12889099121094,821917.8082191781,11,p,0.73,99
pnr_San Leandro_BART_egr_EA,San Leandro_BART,5.8077192306518555,821917.8082191781,11,p,0.73,99
pnr_San Martin_Caltrain_acc_EA,San Martin_Caltrain,0,397350.99337748345,11,p,1.51,99
pnr_San Martin_Caltrain_egr_EA,San Martin_Caltrain,0,397350.99337748345,11,p,1.51,99
pnr_San Mateo_Caltrain_acc_EA,San Mateo_Caltrain,28.14251136779785,105078.80910683013,11,p,5.71,99
pnr_San Mateo_Caltrain_egr_EA,San Mateo_Caltrain,0,105078.80910683013,11,p,5.71,99
pnr_Santa Clara Uni_Capitol_acc_EA,Santa Clara Uni_Capitol,0,612244.8979591837,11,p,0.98,99
pnr_Santa Clara Uni_Capitol_egr_EA,Santa Clara Uni_Capitol,0,612244.8979591837,11,p,0.98,99
pnr_Santa Clara_ACE_acc_EA,Santa Clara_ACE,0,357142.85714285716,11,p,1.68,99
pnr_Santa Clara_ACE_egr_EA,Santa Clara_ACE,0,357142.85714285716,11,p,1.68,99
pnr_Santa Clara_Caltrain_acc_EA,Santa Clara_Caltrain,0,625000.0,11,p,0.96,99
pnr_Santa Clara_Caltrain_egr_EA,Santa Clara_Caltrain,0,625000.0,11,p,0.96,99
pnr_Santa Teresa_SCVTA LRT_acc_EA,Santa Teresa_SCVTA LRT,0,480000.0,11,p,1.25,99
pnr_Santa Teresa_SCVTA LRT_egr_EA,Santa Teresa_SCVTA LRT,0,480000.0,11,p,1.25,99
pnr_Sausilito_Golden Gate Ferry_acc_EA,Sausilito_Golden Gate Ferry,0,560747.6635514018,11,p,1.07,99
pnr_Sausilito_Golden Gate Ferry_egr_EA,Sausilito_Golden Gate Ferry,0,560747.6635514018,11,p,1.07,99
pnr_Snell_SCVTA LRT_acc_EA,Snell_SCVTA LRT,0,1071428.5714285714,11,p,0.56,99
pnr_Snell_SCVTA LRT_egr_EA,Snell_SCVTA LRT,0,1071428.5714285714,11,p,0.56,99
pnr_South Hayward_BART_acc_EA,South Hayward_BART,67.43815612792969,967741.935483871,11,p,0.62,99
pnr_South Hayward_BART_egr_EA,South Hayward_BART,5.87962007522583,967741.935483871,11,p,0.62,99
pnr_South San Francisco_BART_acc_EA,South San Francisco_BART,31.761159896850586,705882.3529411765,11,p,0.85,99
pnr_South San Francisco_BART_egr_EA,South San Francisco_BART,0,705882.3529411765,11,p,0.85,99
pnr_South San Francisco_Caltrain_acc_EA,South San Francisco_Caltrain,0,80000.0,11,p,7.5,99
pnr_South San Francisco_Caltrain_egr_EA,South San Francisco_Caltrain,17.115379333496094,80000.0,11,p,7.5,99
pnr_South San Francisco_SF Ferry_acc_EA,South San Francisco_SF Ferry,0,87463.55685131195,11,p,6.86,99
pnr_South San Francisco_SF Ferry_egr_EA,South San Francisco_SF Ferry,0,87463.55685131195,11,p,6.86,99
pnr_Suisun-Fairfield_Capitol_acc_EA,Suisun-Fairfield_Capitol,24.617361068725586,638297.8723404256,11,p,0.94,99
pnr_Suisun-Fairfield_Capitol_egr_EA,Suisun-Fairfield_Capitol,17.89051628112793,638297.8723404256,11,p,0.94,99
pnr_Sunnyvale_Caltrain_acc_EA,Sunnyvale_Caltrain,0,625000.0,11,p,0.96,99
pnr_Sunnyvale_Caltrain_egr_EA,Sunnyvale_Caltrain,6.588234901428223,625000.0,11,p,0.96,99
pnr_Tamien_Caltrain_acc_EA,Tamien_Caltrain,0,759493.6708860759,11,p,0.79,99
pnr_Tamien_Caltrain_egr_EA,Tamien_Caltrain,0,759493.6708860759,11,p,0.79,99
pnr_Tamien_SCVTA LRT_acc_EA,Tamien_SCVTA LRT,0,923076.923076923,11,p,0.65,99
pnr_Tamien_SCVTA LRT_egr_EA,Tamien_SCVTA LRT,0,923076.923076923,11,p,0.65,99
pnr_Union City_BART_acc_EA,Union City_BART,44.92190933227539,1333333.3333333333,11,p,0.45,99
pnr_Union City_BART_egr_EA,Union City_BART,44.733123779296875,1333333.3333333333,11,p,0.45,99
pnr_Vallejo Terminal_SF Ferry_acc_EA,Vallejo Terminal_SF Ferry,12.645020484924316,566037.7358490566,11,p,1.06,99
pnr_Vallejo Terminal_SF Ferry_egr_EA,Vallejo Terminal_SF Ferry,1.4424799680709839,566037.7358490566,11,p,1.06,99
pnr_Vasco Road_ACE_acc_EA,Vasco Road_ACE,0,535714.2857142857,11,p,1.12,99
pnr_Vasco Road_ACE_egr_EA,Vasco Road_ACE,0,535714.2857142857,11,p,1.12,99
pnr_Walnut Creek_BART_acc_EA,Walnut Creek_BART,60.82907485961914,437956.204379562,11,p,1.37,99
pnr_Walnut Creek_BART_egr_EA,Walnut Creek_BART,0,437956.204379562,11,p,1.37,99
pnr_West Dublin/Plesanton_BART_acc_EA,West Dublin/Plesanton_BART,97.75435638427734,266666.6666666667,11,p,2.25,99
pnr_West Dublin/Plesanton_BART_egr_EA,West Dublin/Plesanton_BART,0.027968397364020348,266666.6666666667,11,p,2.25,99
pnr_West Oakland_BART_acc_EA,West Oakland_BART,0,2857142.8571428573,11,p,0.21,99
pnr_West Oakland_BART_egr_EA,West Oakland_BART,0.1735311895608902,2857142.8571428573,11,p,0.21,99
pnr_Whiseman_SCVTA LRT_acc_EA,Whiseman_SCVTA LRT,0,144927.53623188406,11,p,4.14,99
pnr_Whiseman_SCVTA LRT_egr_EA,Whiseman_SCVTA LRT,0,144927.53623188406,11,p,4.14,99
pnr_Winchester_SCVTA LRT_acc_EA,Winchester_SCVTA LRT,0,135135.13513513512,11,p,4.44,99
pnr_Winchester_SCVTA LRT_egr_EA,Winchester_SCVTA LRT,0,135135.13513513512,11,p,4.44,99
