line_name,description,total_boarding,tm2_mode,line_mode,headway,fare_system,vehicle_mode
10_573_198_MD_d0_s493,Hollis,151.99895310401917,12,d,13.0,99,d
10_573_201_MD_d0_s490,Shellmound/Powell,238.20355224609375,12,d,14.0,99,d
12_247_481_MD_d0_s1454,1,68.76555442810059,49,k,30.0,34,k
12_247_481_MD_d1_s1425,1,122.62283658981323,49,k,30.0,34,k
12_247_482_MD_d0_s1446,2,58.93715476989746,49,k,30.0,34,k
12_247_482_MD_d1_s1420,2,15.379940032958984,49,k,30.0,34,k
12_247_484_MD_d0_s1417,4,79.99748802185059,49,k,30.0,34,k
12_247_484_MD_d1_s1448,4,16.270979404449463,49,k,60.0,34,k
12_247_485_MD_d0_s1440,5,9.497410774230957,49,k,60.0,34,k
12_247_485_MD_d1_s1429,5,2.2056331634521484,49,k,60.0,34,k
12_247_486_MD_d0_s1419,6,0,49,k,60.0,34,k
12_247_486_MD_d1_s1451,6,5.377166748046875,49,k,60.0,34,k
12_247_487_MD_d0_s1453,7,65.26000213623047,49,k,15.0,34,k
12_247_487_MD_d1_s1418,7,38.3120002746582,49,k,30.0,34,k
12_247_488_MD_d1_s1428,15,0,49,k,300.0,34,k
12_247_489_MD_d1_s1436,17,0,49,k,300.0,34,k
12_247_490_MD_d0_s1457,78,24.204030990600586,91,g,60.0,35,g
12_247_490_MD_d1_s1426,78,158.98205757141113,91,g,42.0,35,g
12_247_491_MD_d0_s1421,80,215.88911247253418,91,g,25.0,35,g
12_247_491_MD_d1_s1431,80,422.9713649749756,91,g,27.0,35,g
12_247_492_MD_d0_s1449,85,115.4158034324646,49,g,3.0,35,g
12_247_492_MD_d1_s1450,85,178.80918216705322,49,g,3.0,35,g
12_247_493_MD_d0_s1455,8,10.199999809265137,49,k,60.0,34,k
12_247_493_MD_d1_s1430,8,28.69293975830078,49,k,60.0,34,k
12_247_494_MD_d0_s1452,20,0,49,k,60.0,34,k
12_247_494_MD_d1_s1447,20,0,49,k,60.0,34,k
13_5_300_MD_d0_s789,nan,0,52,j,300.0,5,j
13_5_300_MD_d1_s787,nan,5.253909111022949,52,j,150.0,5,j
14_869_687_MD_d0_s2064,Route 2,0,56,d,150.0,99,d
14_869_688_MD_d0_s2066,Route 4,0,56,d,150.0,99,d
14_869_689_MD_d0_s2068,Route 5,0,56,d,300.0,99,d
14_869_689_MD_d1_s2067,Route 5,0,56,d,300.0,99,d
14_869_690_MD_d0_s2069,Route 6,0,56,d,300.0,99,d
14_869_690_MD_d1_s2070,Route 6,0,56,d,300.0,99,d
15__163_MD_d0_s422,Rossmoor/Shadelands,2.976827383041382,42,j,60.0,15,j
15__163_MD_d1_s423,Rossmoor/Shadelands,0,42,j,60.0,15,j
15__166_MD_d0_s428,DVC/BART Concord,0.49791665375232697,42,j,20.0,15,j
15__166_MD_d1_s429,DVC/BART Concord,0,42,j,25.0,15,j
15__167_MD_d0_s430,BART Walnut Creek/San Ramon,8.17313003540039,42,j,50.0,15,j
15__167_MD_d1_s431,BART Walnut Creek/San Ramon,2.3692307472229004,42,j,50.0,15,j
15__168_MD_d0_s432,BART Lafayette/BART Walnut Creek,0,42,j,100.0,15,j
15__168_MD_d1_s433,BART Lafayette/BART Walnut Creek,0,42,j,100.0,15,j
15__169_MD_d0_s434,BART North Concord/Martinez,6.9735828042030334,42,j,75.0,15,j
15__169_MD_d1_s435,BART North Concord/Martinez,4.795186996459961,42,j,100.0,15,j
15__170_MD_d0_s436,Martinez Community,0,42,j,60.0,15,j
15__171_MD_d0_s437,BART Concord/Clayton,4.905401706695557,42,j,27.0,15,j
15__171_MD_d1_s438,BART Concord/Clayton,0.9965516924858093,42,j,27.0,15,j
15__172_MD_d0_s439,BART Dublin/San Ramon,0,42,j,60.0,15,j
15__172_MD_d1_s440,BART Dublin/San Ramon,4.357761383056641,42,j,60.0,15,j
15__173_MD_d0_s441,San Ramon/BART Dublin,0,42,j,60.0,15,j
15__173_MD_d1_s442,San Ramon/BART Dublin,9.601930618286133,42,j,60.0,15,j
15__174_MD_d0_s443,Broadway Plaza/BART Walnut Creek,12.169454574584961,42,k,15.0,17,k
15__174_MD_d1_s444,Broadway Plaza/BART Walnut Creek,29.931499481201172,42,k,15.0,17,k
15__175_MD_d0_s445,Creekside/BART Walnut Creek,5.098130226135254,42,k,50.0,17,k
15__175_MD_d1_s446,Creekside/BART Walnut Creek,0,42,k,42.0,17,k
15__176_MD_d0_s447,Lafayette/Moraga/Orinda,0,42,j,75.0,15,j
15__176_MD_d1_s448,Lafayette/Moraga/Orinda,0,42,j,60.0,15,j
15__177_MD_d0_s449,BART Concord/BART Pleasant Hi,8.286824226379395,42,j,100.0,15,j
15__177_MD_d1_s450,BART Concord/BART Pleasant Hi,13.149506092071533,42,j,100.0,15,j
15__178_MD_d1_s452,Shadelands/BART PH,2.82305645942688,42,k,300.0,17,k
15__179_MD_d0_s453,DVC/BART Walnut Creek,14.190919399261475,42,j,60.0,15,j
15__179_MD_d1_s454,DVC/BART Walnut Creek,0,42,j,60.0,15,j
15__184_MD_d0_s462,BART Walnut Creek/Bishop Ranch,0,86,k,150.0,16,k
15__184_MD_d1_s463,BART Walnut Creek/Bishop Ranch,1.5794870853424072,86,k,150.0,16,k
15__186_MD_d0_s466,Martinez/BART Walnut Creek,125.0571893453598,86,k,42.0,16,k
15__186_MD_d1_s467,Martinez/BART Walnut Creek,100.05892181396484,86,k,42.0,16,k
15__187_MD_d0_s468,Monument Blvd,36.20608878135681,42,j,37.0,15,j
15__187_MD_d1_s469,Monument Blvd,24.648926973342896,42,j,37.0,15,j
15__188_MD_d0_s470,Treat Blvd,6.884626969695091,42,j,60.0,15,j
15__188_MD_d1_s471,Treat Blvd,26.956782817840576,42,j,60.0,15,j
15__189_MD_d0_s472,AMTRAK/BART Concord,18.717691898345947,42,j,42.0,15,j
15__189_MD_d1_s473,AMTRAK/BART Concord,4.0456844717264175,42,j,42.0,15,j
15__190_MD_d0_s474,BART Concord/North Concord,0,42,j,75.0,15,j
15__190_MD_d1_s475,BART Concord/North Concord,0,42,j,75.0,15,j
15__191_MD_d0_s476,AMTRAK/BART Pleasant Hill,54.19736911356449,42,j,75.0,15,j
15__191_MD_d1_s477,AMTRAK/BART Pleasant Hill,2.413273572921753,42,j,75.0,15,j
15__192_MD_d0_s478,AMTRAK/BART Concord,0.5145833231508732,42,j,100.0,15,j
15__192_MD_d1_s479,AMTRAK/BART Concord,0,42,j,150.0,15,j
17_alliance_707_MD_d1_s2152,So. San Francisco-Oyster Pt Caltrain,0,14,k,300.0,46,k
17_alliance_710_MD_d1_s2155,So. San Francisco-Utah/Grand Caltrain,0,14,k,300.0,46,k
17_alliance_713_MD_d0_s2129,Bayshore Technology Park,0,14,k,300.0,46,k
17_alliance_716_MD_d1_s2131,Brisbane-Crocker Park BART/Caltrain,4.770267486572266,14,k,300.0,46,k
17_caltrain-ca-us_194_MD_d0_s485,Limited,231.24472725391388,130,f,300.0,3,f
17_caltrain-ca-us_194_MD_d1_s483,Limited,141.96897476911545,130,f,300.0,3,f
17_caltrain-ca-us_195_MD_d0_s484,Local,1375.845752298832,130,f,60.0,3,f
17_caltrain-ca-us_195_MD_d1_s482,Local,1031.6254606246948,130,f,60.0,3,f
19_175_495_MD_d0_s1508,Russian River Area_ Forestville_ Sebastopol_ Santa,19.856071323156357,63,k,100.0,7,k
19_175_495_MD_d1_s1499,Russian River Area_ Forestville_ Sebastopol_ Santa,25.702084064483643,63,k,100.0,7,k
19_175_496_MD_d1_s1534,Sebastopol_ Santa Rosa,2.727419137954712,63,k,300.0,7,k
19_175_497_MD_d1_s1500,Sebastopol_ Rohnert Park_ Cotati,0,63,k,300.0,7,k
19_175_498_MD_d0_s1481,Santa Rosa_ Sonoma Valley,37.99064779281616,63,k,100.0,7,k
19_175_498_MD_d1_s1552,Santa Rosa_ Sonoma Valley,24.439382642507553,63,k,100.0,7,k
19_175_501_MD_d0_s1554,Santa Rosa_ Industry West Business Park,7.985454559326172,63,k,100.0,7,k
19_175_501_MD_d1_s1543,Santa Rosa_ Industry West Business Park,0,63,k,100.0,7,k
19_175_502_MD_d0_s1568,Petaluma JC_ SSU_ Santa Rosa,71.36542356014252,63,k,60.0,7,k
19_175_502_MD_d1_s1532,Petaluma JC_ SSU_ Santa Rosa,46.7121787071228,63,k,60.0,7,k
19_175_504_MD_d0_s1506,Petaluma_ Rohnert Park_ Cotati_ Santa Rosa,15.734627187252045,63,k,100.0,7,k
19_175_504_MD_d1_s1509,Petaluma_ Rohnert Park_ Cotati_ Santa Rosa,11.783398360013962,63,k,150.0,7,k
19_175_505_MD_d0_s1472,Cloverdale_ Healdsburg_ Windsor_ Santa Rosa,0.6684523820877075,63,k,60.0,7,k
19_175_505_MD_d1_s1575,Cloverdale_ Healdsburg_ Windsor_ Santa Rosa,70.46687459945679,63,k,60.0,7,k
19_175_506_MD_d0_s1530,Santa Rosa_ County Airport_ Windsor,0.4010713994503021,63,k,100.0,7,k
19_175_506_MD_d1_s1524,Santa Rosa_ County Airport_ Windsor,2.510625123977661,63,k,100.0,7,k
19_175_507_MD_d0_s1512,Cotati_ Rohnert Park_ Sonoma State University,0,63,k,100.0,7,k
19_175_508_MD_d0_s1510,Northern Rohnert Park,0,63,k,150.0,7,k
19_175_509_MD_d0_s1525,Northern Rohnert Park,0,63,k,300.0,7,k
19_175_510_MD_d0_s1498,Sebastopol Shuttle,1.5950000286102295,63,k,42.0,7,k
19_175_511_MD_d0_s1467,Guerneville_ Monte Rio,0,63,k,100.0,7,k
19_175_512_MD_d0_s1559,Sonoma Valley,0,63,k,42.0,7,k
19_175_512_MD_d1_s1548,Sonoma Valley,0,63,k,42.0,7,k
19_175_513_MD_d0_s1459,Windsor Shuttle,0,63,k,50.0,7,k
19_175_515_MD_d0_s1539,Cotati_ Rohnert Park Schools,0,63,k,150.0,7,k
19_175_516_MD_d0_s1553,Cotati_ Rohnert Park Schools,0,63,k,300.0,7,k
19_175_517_MD_d0_s1569,Cotati_ Rohnert Park Schools,0,63,k,300.0,7,k
19_175_521_MD_d1_s1564,Santa Rosa_ Rohnert Park_ Petaluma,7.19551819562912,63,k,150.0,7,k
19_175_523_MD_d0_s1540,Healdsburg Shuttle,0,63,k,37.0,7,k
19_183_514_MD_d0_s1460,Cloverdale Shuttle,0,63,k,42.0,7,k
1_SRCityBus_464_MD_d1_s1413,9 Sebastopol Rd,58.94040822982788,66,d,33.0,99,d
1_SRCityBus_465_MD_d1_s1397,10 Coddingtown,123.74874114990234,66,d,27.0,99,d
1_SRCityBus_466_MD_d1_s1398,11 Fulton Rd,12.025000095367432,66,d,30.0,99,d
1_SRCityBus_467_MD_d1_s1399,12 Roseland,27.69755744934082,66,d,30.0,99,d
1_SRCityBus_468_MD_d1_s1400,14 County Center,32.265161752700806,66,d,30.0,99,d
1_SRCityBus_469_MD_d1_s1401,15 Stony Point Rd,15.165000200271606,66,d,60.0,99,d
1_SRCityBus_470_MD_d1_s1402,17 Piner Rd,14.451556086540222,66,d,60.0,99,d
1_SRCityBus_471_MD_d1_s1403,18 Southeast Circulator,0,66,d,60.0,99,d
1_SRCityBus_472_MD_d1_s1404,19 South City Connector,20.988396644592285,66,d,30.0,99,d
1_SRCityBus_473_MD_d1_s1405,1 Mendocino Ave,40.40706539154053,66,d,30.0,99,d
1_SRCityBus_474_MD_d1_s1406,2 Bennett Valley,1.8716665506362915,66,d,60.0,99,d
1_SRCityBus_475_MD_d1_s1407,3 West Ninth St,77.27846002578735,66,d,30.0,99,d
1_SRCityBus_476_MD_d1_s1408,4 Rincon Valley,49.21984148025513,66,d,60.0,99,d
1_SRCityBus_477_MD_d1_s1409,5 Santa Rosa Ave,17.38089656829834,66,d,30.0,99,d
1_SRCityBus_478_MD_d1_s1410,6 West Third St,24.416747093200684,66,d,37.0,99,d
1_SRCityBus_479_MD_d1_s1411,7 Montgomery Village / Rincon Valley,31.468828678131104,66,d,60.0,99,d
1_SRCityBus_480_MD_d1_s1412,8 Sonoma Ave,15.748333215713501,66,d,30.0,99,d
20__257_MD_d0_s668,Larkspur - San Francisco Ferry,19.680946350097656,101,p,60.0,19,p
20__257_MD_d1_s669,Larkspur - San Francisco Ferry,118.45989990234375,101,p,50.0,19,p
20__258_MD_d0_s670,Sausalito - San Francisco Ferry,0,101,p,75.0,20,p
20__258_MD_d1_s671,Sausalito - San Francisco Ferry,0,101,p,100.0,20,p
21_267_676_MD_d0_s2058,nan,0,68,d,75.0,99,d
21_267_677_MD_d0_s2042,nan,0,68,d,100.0,99,d
21_267_678_MD_d0_s2050,nan,0,68,d,30.0,99,d
21_267_678_MD_d1_s2055,nan,0,68,d,30.0,99,d
21_267_679_MD_d0_s2052,nan,0,68,d,60.0,99,d
21_267_680_MD_d0_s2048,nan,0,68,d,60.0,99,d
21_267_681_MD_d0_s2054,nan,9.89142894744873,68,d,30.0,99,d
21_267_681_MD_d1_s2053,nan,7.212500095367432,68,d,30.0,99,d
21_267_682_MD_d0_s2056,nan,1.6485713720321655,68,d,75.0,99,d
21_267_683_MD_d0_s2044,nan,0.7212499976158142,68,d,300.0,99,d
21_267_684_MD_d0_s2062,nan,0.7212499976158142,68,d,300.0,99,d
21_267_685_MD_d0_s2047,nan,0,68,d,300.0,99,d
21_267_686_MD_d0_s2046,nan,0,68,d,300.0,99,d
22_SFMTA_302_MD_d0_s798,Clement,384.9884510040283,20,r,20.0,25,r
22_SFMTA_302_MD_d1_s800,Clement,291.80659794807434,20,r,20.0,25,r
22_SFMTA_303_MD_d0_s799,Jackson,264.3250572681427,20,r,20.0,25,r
22_SFMTA_303_MD_d1_s802,Jackson,227.79367208480835,20,r,20.0,25,r
22_SFMTA_304_MD_d0_s808,FULTON,1911.093445777893,20,r,9.0,25,r
22_SFMTA_304_MD_d1_s814,FULTON,2626.4439351558685,20,r,8.0,25,r
22_SFMTA_305_MD_d0_s816,PARNASSUS,820.2316157817841,20,r,12.0,25,r
22_SFMTA_305_MD_d1_s819,PARNASSUS,2081.7926931381226,20,r,12.0,25,r
22_SFMTA_306_MD_d0_s841,Townsend,1318.9184811115265,20,r,20.0,25,r
22_SFMTA_306_MD_d1_s845,Townsend,1280.220371723175,20,r,20.0,25,r
22_SFMTA_307_MD_d0_s843,FOLSOM/PACIFIC,1266.542004585266,20,r,20.0,25,r
22_SFMTA_307_MD_d1_s846,FOLSOM/PACIFIC,1749.2185060977936,20,r,20.0,25,r
22_SFMTA_308_MD_d0_s900,19TH AVENUE,2384.421907067299,20,r,12.0,25,r
22_SFMTA_308_MD_d1_s903,19TH AVENUE,2687.72203874588,20,r,11.0,25,r
22_SFMTA_309_MD_d0_s902,19TH AVENUE Rapid,163.60323548316956,20,r,75.0,25,r
22_SFMTA_309_MD_d1_s905,19TH AVENUE Rapid,136.14479160308838,20,r,75.0,25,r
22_SFMTA_310_MD_d0_s921,STOCKTON,4627.265078544617,20,r,3.0,25,r
22_SFMTA_310_MD_d1_s929,STOCKTON,4653.908616542816,20,r,3.0,25,r
22_SFMTA_314_MD_d1_s1070,CALIFORNIA B EXPRESS,10.946341335773468,20,r,300.0,25,r
22_SFMTA_317_MD_d0_s925,STOCKTON - UNION,2520.7004022598267,20,r,11.0,25,r
22_SFMTA_317_MD_d1_s933,STOCKTON - UNION,2926.6436171531677,20,r,12.0,25,r
22_SFMTA_318_MD_d0_s809,FULTON RAPID,2442.8166313171387,20,r,7.0,25,r
22_SFMTA_318_MD_d1_s815,FULTON RAPID,3499.9646277427673,20,r,7.0,25,r
22_SFMTA_319_MD_d0_s1019,nan,2165.9999504089355,21,o,7.0,26,o
22_SFMTA_319_MD_d1_s1024,nan,0,21,o,7.0,26,o
22_SFMTA_320_MD_d0_s1021,nan,2322.2750282287598,21,o,7.0,26,o
22_SFMTA_320_MD_d1_s1026,nan,74.40155696868896,21,o,7.0,26,o
22_SFMTA_321_MD_d0_s817,HAIGHT - NORIEGA,2033.2801904678345,20,r,11.0,25,r
22_SFMTA_321_MD_d1_s820,HAIGHT - NORIEGA,3086.2154661417007,20,r,12.0,25,r
22_SFMTA_323_MD_d0_s793,CALIFORNIA,6481.3939818143845,20,r,5.0,25,r
22_SFMTA_323_MD_d1_s796,CALIFORNIA,7076.616364955902,20,r,5.0,25,r
22_SFMTA_324_MD_d0_s850,MISSION,7358.0502371788025,20,r,8.0,25,r
22_SFMTA_324_MD_d1_s854,MISSION,6720.315261363983,20,r,8.0,25,r
22_SFMTA_326_MD_d0_s858,PARKMERCED,0,20,r,30.0,25,r
22_SFMTA_326_MD_d1_s859,PARKMERCED,114.28701210021973,20,r,30.0,25,r
22_SFMTA_327_MD_d0_s860,46TH AVENUE,223.50250720977783,20,r,20.0,25,r
22_SFMTA_327_MD_d1_s861,46TH AVENUE,459.463604927063,20,r,20.0,25,r
22_SFMTA_328_MD_d0_s862,POLK,1725.0360448658466,20,r,15.0,25,r
22_SFMTA_328_MD_d1_s863,POLK,1637.0649557113647,20,r,15.0,25,r
22_SFMTA_329_MD_d0_s864,HAYES,1168.002220004797,20,r,11.0,25,r
22_SFMTA_329_MD_d1_s867,HAYES,400.1443874835968,20,r,11.0,25,r
22_SFMTA_330_MD_d0_s872,FILLMORE,3459.5566771030426,20,r,8.0,25,r
22_SFMTA_330_MD_d1_s876,FILLMORE,2952.5412788391113,20,r,8.0,25,r
22_SFMTA_331_MD_d0_s879,MONTEREY,892.756838798523,20,r,18.0,25,r
22_SFMTA_331_MD_d1_s882,MONTEREY,1112.4838281273842,20,r,20.0,25,r
22_SFMTA_332_MD_d0_s885,DIVISADERO,3074.275196313858,20,r,9.0,25,r
22_SFMTA_332_MD_d1_s892,DIVISADERO,3474.5789818763733,20,r,9.0,25,r
22_SFMTA_333_MD_d0_s897,BRYANT,1230.9741515517235,20,r,15.0,25,r
22_SFMTA_333_MD_d1_s899,BRYANT,1507.3952188491821,20,r,14.0,25,r
22_SFMTA_334_MD_d0_s906,SUNSET,4017.4408950805664,20,r,11.0,25,r
22_SFMTA_334_MD_d1_s910,SUNSET,3946.7382085323334,20,r,11.0,25,r
22_SFMTA_335_MD_d0_s936,BALBOA,1610.7604160308838,20,r,14.0,25,r
22_SFMTA_335_MD_d1_s938,BALBOA,1246.3118147850037,20,r,14.0,25,r
22_SFMTA_336_MD_d0_s940,ASHBURY-18TH,975.2597260475159,20,r,15.0,25,r
22_SFMTA_336_MD_d1_s943,ASHBURY-18TH,784.4258668422699,20,r,15.0,25,r
22_SFMTA_337_MD_d0_s945,EUREKA,27.25880742073059,20,r,30.0,25,r
22_SFMTA_337_MD_d1_s946,EUREKA,165.3409309387207,20,r,33.0,25,r
22_SFMTA_338_MD_d0_s947,TERESITA,347.01823711395264,20,r,30.0,25,r
22_SFMTA_338_MD_d1_s949,TERESITA,58.2163290977478,20,r,30.0,25,r
22_SFMTA_339_MD_d0_s952,CORBETT,152.68544787168503,20,r,18.0,25,r
22_SFMTA_339_MD_d1_s955,CORBETT,145.22161269187927,20,r,20.0,25,r
22_SFMTA_340_MD_d0_s957,GEARY,4181.285969257355,20,r,7.0,25,r
22_SFMTA_340_MD_d1_s961,GEARY,4200.6786596775055,20,r,7.0,25,r
22_SFMTA_341_MD_d0_s966,COIT TOWER,6.928831100463867,20,r,20.0,25,r
22_SFMTA_341_MD_d1_s967,COIT TOWER,0,20,r,20.0,25,r
22_SFMTA_343_MD_d0_s975,MASONIC,2565.0121060609818,20,r,12.0,25,r
22_SFMTA_343_MD_d1_s977,MASONIC,3226.5270832777023,20,r,12.0,25,r
22_SFMTA_344_MD_d0_s979,O'SHAUGHNESSY,2050.857150554657,20,r,11.0,25,r
22_SFMTA_344_MD_d1_s984,O'SHAUGHNESSY,2592.2156598567963,20,r,11.0,25,r
22_SFMTA_345_MD_d0_s990,VAN NESS,1436.2615749835968,20,r,9.0,25,r
22_SFMTA_345_MD_d1_s991,VAN NESS,1793.6664733886719,20,r,8.0,25,r
22_SFMTA_346_MD_d0_s992,24TH STREET,950.7595708370209,20,r,14.0,25,r
22_SFMTA_346_MD_d1_s994,24TH STREET,880.8489310741425,20,r,15.0,25,r
22_SFMTA_347_MD_d0_s1001,VAN NESS-MISSION,4563.980787277222,20,r,8.0,25,r
22_SFMTA_347_MD_d1_s1005,VAN NESS-MISSION,5408.841207742691,20,r,8.0,25,r
22_SFMTA_348_MD_d0_s1006,EXCELSIOR,62.38666117191315,20,r,30.0,25,r
22_SFMTA_348_MD_d1_s1007,EXCELSIOR,41.67469549179077,20,r,30.0,25,r
22_SFMTA_349_MD_d0_s1008,FELTON,605.4099932909012,20,r,20.0,25,r
22_SFMTA_349_MD_d1_s1009,FELTON,662.4125165939331,20,r,20.0,25,r
22_SFMTA_350_MD_d0_s1012,16TH STREET,194.45738124847412,20,r,15.0,25,r
22_SFMTA_350_MD_d1_s1013,16TH STREET,163.7324607372284,20,r,15.0,25,r
22_SFMTA_351_MD_d0_s1014,RUTLAND,0.18472212553024292,20,r,33.0,25,r
22_SFMTA_351_MD_d1_s1016,RUTLAND,0,20,r,30.0,25,r
22_SFMTA_352_MD_d0_s1028,nan,111.05545043945312,21,o,8.0,26,o
22_SFMTA_352_MD_d1_s1030,nan,187.9842631816864,21,o,8.0,26,o
22_SFMTA_353_MD_d0_s1031,QUINTARA,171.1328296661377,20,r,20.0,25,r
22_SFMTA_353_MD_d1_s1032,QUINTARA,194.96942138671875,20,r,20.0,25,r
22_SFMTA_354_MD_d0_s1034,BERNAL HEIGHTS,44.54659938812256,20,r,20.0,25,r
22_SFMTA_354_MD_d1_s1035,BERNAL HEIGHTS,74.63007831573486,20,r,20.0,25,r
22_SFMTA_356_MD_d0_s1039,MID MARKET EXPRESS,0,20,r,300.0,25,r
22_SFMTA_356_MD_d1_s1040,MID MARKET EXPRESS,2.474980115890503,20,r,150.0,25,r
22_SFMTA_361_MD_d0_s1056,MARKET & WHARVES,1644.4897339809686,110,s,6.0,25,s
22_SFMTA_361_MD_d1_s1061,MARKET & WHARVES,2246.0526740550995,110,s,6.0,25,s
22_SFMTA_362_MD_d0_s1075,TREASURE ISLAND,1068.515380859375,20,r,20.0,25,r
22_SFMTA_362_MD_d1_s1076,TREASURE ISLAND,825.7847290039062,20,r,18.0,25,r
22_SFMTA_363_MD_d0_s1077,MISSION RAPID,3859.735421895981,20,r,7.0,25,r
22_SFMTA_363_MD_d1_s1079,MISSION RAPID,4626.444626331329,20,r,8.0,25,r
22_SFMTA_365_MD_d0_s1083,GEARY RAPID,3280.7781114578247,20,r,5.0,25,r
22_SFMTA_365_MD_d1_s1084,GEARY RAPID,3058.465803861618,20,r,5.0,25,r
22_SFMTA_367_MD_d1_s1089,MISSION EXPRESS,79.0651303678751,20,r,300.0,25,r
22_SFMTA_368_MD_d0_s1126,JUDAH,4680.367238998413,110,s,9.0,25,s
22_SFMTA_368_MD_d1_s1134,JUDAH,3544.8548617362976,110,s,9.0,25,s
22_SFMTA_369_MD_d0_s1123,CHURCH,1956.439463853836,110,s,9.0,25,s
22_SFMTA_369_MD_d1_s1131,CHURCH,2061.0787930488586,110,s,9.0,25,s
22_SFMTA_374_MD_d1_s826,Bayshore A Express,275.60081577301025,20,r,60.0,25,r
22_SFMTA_376_MD_d0_s824,BAYSHORE,6592.645446300507,20,r,7.0,25,r
22_SFMTA_376_MD_d1_s828,BAYSHORE,5927.630166053772,20,r,7.0,25,r
22_SFMTA_377_MD_d0_s1097,INGLESIDE/THIRD,5043.109947681427,110,s,8.0,25,s
22_SFMTA_377_MD_d1_s1112,INGLESIDE/THIRD,4122.941397666931,110,s,9.0,25,s
22_SFMTA_379_MD_d0_s1101,TARAVAL,2819.3871636390686,110,s,9.0,25,s
22_SFMTA_379_MD_d1_s1117,TARAVAL,3040.022319316864,110,s,9.0,25,s
22_SFMTA_380_MD_d0_s1103,OCEAN VIEW,2811.2000036239624,110,s,10.0,25,s
22_SFMTA_380_MD_d1_s1119,OCEAN VIEW,3336.6652171611786,110,s,10.0,25,s
22_SFMTA_381_MD_d0_s830,San Bruno,1526.1250705718994,20,r,12.0,25,r
22_SFMTA_381_MD_d1_s834,San Bruno,2223.5602412223816,20,r,12.0,25,r
22_SFMTA_382_MD_d0_s833,SAN BRUNO RAPID,835.4166870117188,20,r,11.0,25,r
22_SFMTA_382_MD_d1_s839,SAN BRUNO RAPID,1024.201316833496,20,r,12.0,25,r
23_AM_196_MD_d0_s487,nan,80.95358729362488,131,h,100.0,4,h
23_AM_196_MD_d1_s486,nan,215.0339949131012,131,h,100.0,4,h
24_LAVTA_640_MD_d0_s1966,E. BART - E. Dublin - E. Bart,8.399999618530273,17,d,33.0,99,d
24_LAVTA_640_MD_d1_s1967,E. BART - E. Dublin - E. Bart,0,17,d,300.0,99,d
24_LAVTA_641_MD_d0_s2034,E. BART - Pleasanton - Livermore,39.007293701171875,17,d,15.0,99,d
24_LAVTA_641_MD_d1_s2032,E. BART - Pleasanton - Livermore,691.8893633782864,17,d,15.0,99,d
24_LAVTA_643_MD_d0_s1956,Livermore Transit Center - E. BART via College,516.5157508850098,17,d,60.0,99,d
24_LAVTA_643_MD_d1_s1955,Livermore Transit Center - E. BART via College,6.110560655593872,17,d,50.0,99,d
24_LAVTA_645_MD_d0_s1963,Livermore Transit Center - Downtown  - Livermore T,91.0819308757782,17,d,30.0,99,d
24_LAVTA_646_MD_d0_s1965,Livermore Livermore Transit Center - Springtown - ,28.56883430480957,17,d,42.0,99,d
24_LAVTA_647_MD_d0_s1974,E. BART - Dublin Ranch - E. BART,0,17,d,300.0,99,d
24_LAVTA_647_MD_d1_s1973,E. BART - Dublin Ranch - E. BART,0,17,d,300.0,99,d
24_LAVTA_650_MD_d0_s1979,Big Trees Park Area - Livermore Transit Center,4.413051605224609,17,d,150.0,99,d
24_LAVTA_651_MD_d0_s1958,Airway Park & Ride - Junction Middle School,89.43907845020294,17,d,300.0,99,d
24_LAVTA_652_MD_d0_s1981,Livermore Transit Center - Granada High - Livermor,0.6370851397514343,17,d,300.0,99,d
24_LAVTA_655_MD_d0_s1988,West BART - Dublin High School - E. BART,0,17,d,300.0,99,d
24_LAVTA_660_MD_d0_s2001,Del Prado Park - Hopyard - Foothill High,1.441176414489746,17,d,150.0,99,d
24_LAVTA_662_MD_d0_s2006,Fairlands - W. Las Positas -  Foothill High,0.37901630997657776,17,d,150.0,99,d
24_LAVTA_672_MD_d0_s2028,BART - Downtown -  BART via Hopyard,85.02894067764282,17,d,60.0,99,d
24_LAVTA_673_MD_d0_s2029,BART - Downtown -  BART via Santa Rita,66.52952728234231,17,d,60.0,99,d
24_LAVTA_675_MD_d0_s2038,Livermore - BART -  Mall,41.790326833724976,17,d,3.0,99,d
25_SB_383_MD_d0_s1141,Alameda - Oakland - San Francisco Ferry,11.121020317077637,101,t,33.0,28,t
25_SB_383_MD_d1_s101149,Alameda - Oakland - San Francisco Ferry,0,101,t,33.0,28,t
25_SB_386_MD_d0_s1151,Vallejo - San Francisco,160.19635200500488,101,t,100.0,29,t
25_SB_386_MD_d1_s1152,Vallejo - San Francisco,106.79757308959961,101,t,150.0,29,t
26_BART_154_MD_d0_s404,Pittsburg/Bay Point - SFIA/Millbrae,6486.478744983673,120,b,15.0,2,b
26_BART_154_MD_d1_s405,Pittsburg/Bay Point - SFIA/Millbrae,4815.6618666648865,120,b,15.0,2,b
26_BART_155_MD_d0_s407,Fremont - Richmond,1911.355791568756,120,b,15.0,2,b
26_BART_155_MD_d1_s406,Fremont - Richmond,1993.4105434417725,120,b,15.0,2,b
26_BART_156_MD_d0_s409,Fremont - Daly City,3329.6952834129333,120,b,15.0,2,b
26_BART_156_MD_d1_s408,Fremont - Daly City,4978.324481010437,120,b,15.0,2,b
26_BART_157_MD_d0_s410,Richmond - Daly City/Millbrae,5334.671490860172,120,b,15.0,2,b
26_BART_157_MD_d1_s411,Richmond - Daly City/Millbrae,4294.148456573486,120,b,15.0,2,b
26_BART_158_MD_d0_s412,Dublin/Pleasanton - Daly City,4225.738962173462,120,b,15.0,2,b
26_BART_158_MD_d1_s413,Dublin/Pleasanton - Daly City,2866.190719604492,120,b,15.0,2,b
26_BART_159_MD_d0_s414,Coliseum - Oakland Int'l Airport,57.77454376220703,120,b,5.0,2,b
26_BART_159_MD_d1_s415,Coliseum - Oakland Int'l Airport,14.359408378601074,120,b,5.0,2,b
28_36_205_MD_d1_s510,Sacramento/Davis/Fairfield,10.135475158691406,52,o,300.0,10,o
28_36_206_MD_d0_s517,Fairfield/Vacaville,83.03812408447266,52,o,60.0,10,o
28_36_208_MD_d0_s521,FTC/El Cerrito Del Norte BART/Suisun City Amtrak,25.106103897094727,92,o,60.0,10,o
28_36_208_MD_d1_s501,FTC/El Cerrito Del Norte BART/Suisun City Amtrak,11.803160667419434,92,o,60.0,10,o
28_36_209_MD_d0_s522,Suisun Senior Center/Suisun City Walmart,0,52,o,30.0,10,o
28_36_209_MD_d1_s520,Suisun Senior Center/Suisun City Walmart,0,52,o,30.0,10,o
28_36_213_MD_d0_s537,FTC/Walmart,49.60433578491211,52,o,30.0,10,o
28_36_213_MD_d1_s536,FTC/Walmart,46.709999084472656,52,o,30.0,10,o
28_36_214_MD_d0_s534,Solano Town Ctr/Huntington Ct,156.9150047302246,52,o,30.0,10,o
28_36_214_MD_d1_s535,Solano Town Ctr/Huntington Ct,105.3133316040039,52,o,30.0,10,o
28_36_215_MD_d0_s533,FTC/Solano Town Center/Walmart,8.52833342552185,52,o,30.0,10,o
28_36_215_MD_d1_s532,FTC/Solano Town Center/Walmart,0,52,o,30.0,10,o
28_36_216_MD_d0_s529,KMart/Travis Air Force Base,0,52,o,60.0,10,o
28_36_216_MD_d1_s530,KMart/Travis Air Force Base,3.43833327293396,52,o,60.0,10,o
28_36_217_MD_d0_s519,FTC/Suisun Senior Center,33.0201301574707,52,o,60.0,10,o
28_36_217_MD_d1_s518,FTC/Suisun Senior Center,13.134773254394531,52,o,60.0,10,o
28_36_218_MD_d0_s527,Solano Town Ctr/Suisun Senior Ctr/Montebello Dr,48.789998054504395,52,o,30.0,10,o
28_36_218_MD_d1_s528,Solano Town Ctr/Suisun Senior Ctr/Montebello Dr,29.779998779296875,52,o,30.0,10,o
28_36_219_MD_d0_s525,FTC/Cordelia Library,50.375,52,o,30.0,10,o
28_36_219_MD_d1_s526,FTC/Cordelia Library,3.0551517009735107,52,o,30.0,10,o
28_36_220_MD_d0_s523,Cordelia Library/Oakbrook Dr,8.1899995803833,52,o,60.0,10,o
28_36_220_MD_d1_s524,Cordelia Library/Oakbrook Dr,105.49651336669922,52,o,60.0,10,o
30_AC Transit_100_MD_d0_s274,Eastmont T.C. - Oakland Airport,46.922996520996094,30,m,15.0,9,m
30_AC Transit_100_MD_d1_s275,Eastmont T.C. - Oakland Airport,28.886051177978516,30,m,15.0,9,m
30_AC Transit_101_MD_d0_s277,CCC/Richmond BART/Ford Pt.,163.84133529663086,30,m,30.0,9,m
30_AC Transit_101_MD_d1_s276,CCC/Richmond BART/Ford Pt.,130.79033148288727,30,m,30.0,9,m
30_AC Transit_102_MD_d0_s279,Bayfair Bart-Washington Manor-S. L. Bart,90.09519290924072,30,m,75.0,9,m
30_AC Transit_102_MD_d1_s278,Bayfair Bart-Washington Manor-S. L. Bart,100.87991833686829,30,m,60.0,9,m
30_AC Transit_103_MD_d0_s280,Hilltop Mall - CCC - del Norte BART,136.1715440750122,30,m,27.0,9,m
30_AC Transit_103_MD_d1_s281,Hilltop Mall - CCC - del Norte BART,177.36084294319153,30,m,27.0,9,m
30_AC Transit_108_MD_d0_s298,Hayward BART - S. Hayward BART,170.49690091609955,30,m,60.0,9,m
30_AC Transit_108_MD_d1_s299,Hayward BART - S. Hayward BART,37.23820149898529,30,m,60.0,9,m
30_AC Transit_10_MD_d0_s26,Fruitvale ave - Alameda - Oakland Airport,149.49556386470795,30,m,30.0,9,m
30_AC Transit_10_MD_d1_s29,Fruitvale ave - Alameda - Oakland Airport,224.48563838005066,30,m,30.0,9,m
30_AC Transit_110_MD_d0_s302,San Leandro BART - Union Landing,151.0133180618286,30,m,60.0,9,m
30_AC Transit_110_MD_d1_s303,San Leandro BART - Union Landing,286.04640409350395,30,m,60.0,9,m
30_AC Transit_112_MD_d0_s306,Hayward BART - S. Hayward BART,0,30,m,42.0,9,m
30_AC Transit_112_MD_d1_s307,Hayward BART - S. Hayward BART,40.99103808403015,30,m,33.0,9,m
30_AC Transit_113_MD_d0_s312,Berkeley BART - Downtown Oakland,383.235334277153,30,m,20.0,9,m
30_AC Transit_113_MD_d1_s313,Berkeley BART - Downtown Oakland,374.33690667152405,30,m,20.0,9,m
30_AC Transit_114_MD_d0_s314,San Leandro Bart-S. L. Marina-Bayfair Bart,477.3461243510246,30,m,27.0,9,m
30_AC Transit_114_MD_d1_s315,San Leandro Bart-S. L. Marina-Bayfair Bart,295.40349665284157,30,m,30.0,9,m
30_AC Transit_115_MD_d0_s317,Hayward Bart-Bayfair Bart-San Lorenzo,67.60617035627365,30,m,60.0,9,m
30_AC Transit_115_MD_d1_s316,Hayward Bart-Bayfair Bart-San Lorenzo,56.26167452335358,30,m,60.0,9,m
30_AC Transit_116_MD_d0_s318,Hayward Bart-Hayward Hills,0.2653563395142555,30,m,150.0,9,m
30_AC Transit_116_MD_d1_s319,Hayward Bart-Hayward Hills,0,30,m,300.0,9,m
30_AC Transit_117_MD_d0_s320,Kelly Hill - Hayward BART,8.82374095916748,30,m,37.0,9,m
30_AC Transit_117_MD_d1_s323,Kelly Hill - Hayward BART,5.656666278839111,30,m,42.0,9,m
30_AC Transit_118_MD_d0_s324,Union City BART - Hesperian Blvd.,713.6532294750214,30,m,18.0,9,m
30_AC Transit_118_MD_d1_s326,Union City BART - Hesperian Blvd.,498.4362578690052,30,m,18.0,9,m
30_AC Transit_119_MD_d0_s327,Coliseum Bart - 98th Ave.,174.001056432724,30,m,30.0,9,m
30_AC Transit_119_MD_d1_s328,Coliseum Bart - 98th Ave.,267.4077959060669,30,m,30.0,9,m
30_AC Transit_11_MD_d0_s24,Union Landing - Frmt. Blvd. - Ohlone,149.6420533657074,30,m,30.0,9,m
30_AC Transit_11_MD_d1_s25,Union Landing - Frmt. Blvd. - Ohlone,453.9362207055092,30,m,30.0,9,m
30_AC Transit_120_MD_d0_s329,Bayfair Bart - Hwd.BART- UC  Bart - Fmt Bart,786.3584736585617,30,m,20.0,9,m
30_AC Transit_120_MD_d1_s330,Bayfair Bart - Hwd.BART- UC  Bart - Fmt Bart,777.8485323190689,30,m,20.0,9,m
30_AC Transit_122_MD_d0_s335,BROADWAY SHUTTLE DAY,1.23056161403656,30,j,13.0,11,j
30_AC Transit_122_MD_d1_s336,BROADWAY SHUTTLE DAY,14.347005844116211,30,j,12.0,11,j
30_AC Transit_126_MD_d0_s343,Dumbarton Express,117.32702648639679,84,n,60.0,9,n
30_AC Transit_126_MD_d1_s344,Dumbarton Express,77.2907725572586,84,n,50.0,9,n
30_AC Transit_127_MD_d0_s346,Dumbarton Express,5.033547580242157,84,n,300.0,9,n
30_AC Transit_127_MD_d1_s347,Dumbarton Express,19.06258897483349,84,n,150.0,9,n
30_AC Transit_129_MD_d0_s353,San Francisco - Berkeley,241.49509143829346,84,m,30.0,9,m
30_AC Transit_129_MD_d1_s356,San Francisco - Berkeley,280.41327179968357,84,m,30.0,9,m
30_AC Transit_12_MD_d0_s32,Fremont BART-Newpark Mall-Pacific Commons,57.20855849981308,30,m,30.0,9,m
30_AC Transit_12_MD_d1_s33,Fremont BART-Newpark Mall-Pacific Commons,82.51347136497498,30,m,30.0,9,m
30_AC Transit_137_MD_d1_s375,Hayward BART- Hillsdale Mall- Oracle,0.18671700358390808,84,n,300.0,9,n
30_AC Transit_138_MD_d0_s377,San Francisco - Eastmont T.C.,354.95401722192764,84,m,30.0,9,m
30_AC Transit_138_MD_d1_s376,San Francisco - Eastmont T.C.,573.1427975893021,84,m,30.0,9,m
30_AC Transit_13_MD_d0_s35,Fremont BART-Mission-Warm Springs-Industrial Area,24.75138521194458,30,m,60.0,9,m
30_AC Transit_13_MD_d1_s36,Fremont BART-Mission-Warm Springs-Industrial Area,42.01022705435753,30,m,60.0,9,m
30_AC Transit_145_MD_d0_s386,San Francisco - Alameda - Fruitvale Bart,23.119787603616714,84,m,60.0,9,m
30_AC Transit_145_MD_d1_s387,San Francisco - Alameda - Fruitvale Bart,100.90736448764801,84,m,60.0,9,m
30_AC Transit_14_MD_d0_s38,U.C. BART- Niles -Fremont BART-Ohlone Newark,39.76493440568447,30,m,60.0,9,m
30_AC Transit_14_MD_d1_s39,U.C. BART- Niles -Fremont BART-Ohlone Newark,28.294748306274414,30,m,60.0,9,m
30_AC Transit_150_MD_d0_s396,Frmt. BART- Stanford University,3.0842014104127884,84,n,300.0,9,n
30_AC Transit_15_MD_d0_s42,Frmt BART - Mission - Milpitas - Alder,95.15501356124878,30,m,30.0,9,m
30_AC Transit_15_MD_d1_s43,Frmt BART - Mission - Milpitas - Alder,210.34346854686737,30,m,25.0,9,m
30_AC Transit_16_MD_d0_s45,Hayward Bart -South Hayward Bart - Chabot,303.4186432361603,30,m,30.0,9,m
30_AC Transit_16_MD_d1_s44,Hayward Bart -South Hayward Bart - Chabot,108.80810379981995,30,m,30.0,9,m
30_AC Transit_17_MD_d0_s46,Fremont BART-U.C. BART-Mission-Ohlone Newark,40.49778461456299,30,m,60.0,9,m
30_AC Transit_17_MD_d1_s47,Fremont BART-U.C. BART-Mission-Ohlone Newark,50.57109880447388,30,m,60.0,9,m
30_AC Transit_18_MD_d0_s48,Fremont BART-Warm Springs,54.08200287818909,30,m,60.0,9,m
30_AC Transit_18_MD_d1_s49,Fremont BART-Warm Springs,5.1621206402778625,30,m,75.0,9,m
30_AC Transit_19_MD_d0_s50,El Cerrito BART-Cntr & Shatt-UC Village,174.7728295326233,30,m,42.0,9,m
30_AC Transit_19_MD_d1_s51,El Cerrito BART-Cntr & Shatt-UC Village,117.37069797515869,30,m,42.0,9,m
30_AC Transit_20_MD_d0_s52,Fremont BART-Mowry-Thornton,90.02097702026367,30,m,60.0,9,m
30_AC Transit_20_MD_d1_s53,Fremont BART-Mowry-Thornton,14.215626955032349,30,m,60.0,9,m
30_AC Transit_21_MD_d0_s55,Emeryville/14th Bdwy/lLakeshore,530.3957557678223,30,m,30.0,9,m
30_AC Transit_21_MD_d1_s57,Emeryville/14th Bdwy/lLakeshore,371.0820641517639,30,m,30.0,9,m
30_AC Transit_22_MD_d0_s60,U.C.BART- Thornton- Lido Faire,103.12853598594666,30,m,50.0,9,m
30_AC Transit_22_MD_d1_s59,U.C.BART- Thornton- Lido Faire,61.724142491817474,30,m,50.0,9,m
30_AC Transit_23_MD_d0_s61,Alameda Point/ W. Oakland/MACA BART,354.16988730430603,30,m,30.0,9,m
30_AC Transit_23_MD_d1_s62,Alameda Point/ W. Oakland/MACA BART,373.74112582206726,30,m,30.0,9,m
30_AC Transit_24_MD_d0_s63,Hayward Bart-C.V. Bart-Hwd. Bart-Cherryland,107.80097913742065,30,m,50.0,9,m
30_AC Transit_24_MD_d1_s64,Hayward Bart-C.V. Bart-Hwd. Bart-Cherryland,125.15927422046661,30,m,60.0,9,m
30_AC Transit_25_MD_d0_s66,Fruitvale Bart - Chabot Observatory,24.99829375743866,30,m,100.0,9,m
30_AC Transit_25_MD_d1_s65,Fruitvale Bart - Chabot Observatory,9.072976112365723,30,m,150.0,9,m
30_AC Transit_26_MD_d0_s67,Alameda Senior Shuttle,4.187374264001846,30,m,300.0,9,m
30_AC Transit_26_MD_d1_s68,Alameda Senior Shuttle,6.577928066253662,30,m,300.0,9,m
30_AC Transit_27_MD_d0_s69,HWD. BART-WHITMAN-SO. HWD. BART,62.6314377784729,30,m,60.0,9,m
30_AC Transit_27_MD_d1_s70,HWD. BART-WHITMAN-SO. HWD. BART,62.344139099121094,30,m,60.0,9,m
30_AC Transit_29_MD_d0_s74,Fruitvale Bart - Skyline High School,41.66382098197937,30,m,60.0,9,m
30_AC Transit_29_MD_d1_s73,Fruitvale Bart - Skyline High School,22.682440757751465,30,m,60.0,9,m
30_AC Transit_2_MD_d0_s5,Bayfair Bart- Dtn. Berkeley,1738.7084267139435,30,m,18.0,9,m
30_AC Transit_2_MD_d1_s3,Bayfair Bart- Dtn. Berkeley,1650.1641577482224,30,m,20.0,9,m
30_AC Transit_30_MD_d0_s75,Dtn. Oakland - Bayfair Bart,3209.9610167741776,30,m,10.0,9,m
30_AC Transit_30_MD_d1_s77,Dtn. Oakland - Bayfair Bart,2621.455955386162,30,m,10.0,9,m
30_AC Transit_31_MD_d0_s79,Eastmont T. C. - Foothill Sq.,437.49688959121704,30,m,27.0,9,m
30_AC Transit_31_MD_d1_s80,Eastmont T. C. - Foothill Sq.,279.6870288848877,30,m,30.0,9,m
30_AC Transit_32_MD_d0_s81,Coliseum Bart - Knowland Zoo,38.17259216308594,30,m,60.0,9,m
30_AC Transit_32_MD_d1_s83,Coliseum Bart - Knowland Zoo,4.15212345123291,30,m,60.0,9,m
30_AC Transit_33_MD_d0_s85,Coliseum BART-Mountain -Golf Links Rd-Dunkirk Ave,38.17259216308594,30,m,60.0,9,m
30_AC Transit_33_MD_d1_s86,Coliseum BART-Mountain -Golf Links Rd-Dunkirk Ave,4.15212345123291,30,m,60.0,9,m
30_AC Transit_35_MD_d0_s89,Bayfair BART- Castro Valley- Hayward bart,23.077186584472656,30,m,60.0,9,m
30_AC Transit_35_MD_d1_s90,Bayfair BART- Castro Valley- Hayward bart,45.894652366638184,30,m,60.0,9,m
30_AC Transit_36_MD_d0_s92,Rockridge Bart / Dwight S.P.,232.21924430131912,30,m,30.0,9,m
30_AC Transit_36_MD_d1_s91,Rockridge Bart / Dwight S.P.,299.3385400772095,30,m,30.0,9,m
30_AC Transit_37_MD_d0_s94,RockRidge to FBBA,1879.4664487838745,30,m,11.0,9,m
30_AC Transit_37_MD_d1_s95,RockRidge to FBBA,2025.0635764598846,30,m,11.0,9,m
30_AC Transit_38_MD_d0_s97,RockRidge - 3RUN,1029.9668407440186,30,m,12.0,9,m
30_AC Transit_38_MD_d1_s99,RockRidge - 3RUN,930.9325467348099,30,m,11.0,9,m
30_AC Transit_39_MD_d0_s100,U.C. Village - U.C. Campus,76.4213240146637,30,m,37.0,9,m
30_AC Transit_39_MD_d1_s102,U.C. Village - U.C. Campus,68.12217426300049,30,m,33.0,9,m
30_AC Transit_3_MD_d0_s7,Piedmont - Fruitvale Ave.,792.0360096693039,30,m,30.0,9,m
30_AC Transit_3_MD_d1_s9,Piedmont - Fruitvale Ave.,620.6203106641769,30,m,30.0,9,m
30_AC Transit_40_MD_d0_s104,Fruitvale BART - Merritt College,586.1125483512878,30,m,15.0,9,m
30_AC Transit_40_MD_d1_s105,Fruitvale BART - Merritt College,586.6774883270264,30,m,15.0,9,m
30_AC Transit_41_MD_d0_s107,San Pablo Ave to Foothill Sq,1133.7464781999588,30,m,15.0,9,m
30_AC Transit_41_MD_d1_s106,San Pablo Ave to Foothill Sq,1601.9497228860855,30,m,15.0,9,m
30_AC Transit_42_MD_d0_s108,Eastmont T.C. - Oakland Amtrak,378.3110703229904,30,m,30.0,9,m
30_AC Transit_42_MD_d1_s109,Eastmont T.C. - Oakland Amtrak,533.071309030056,30,m,30.0,9,m
30_AC Transit_43_MD_d0_s111,CSUEB / HAYWARD BART SHUTTLE,1.990172564983368,30,m,20.0,9,m
30_AC Transit_43_MD_d1_s110,CSUEB / HAYWARD BART SHUTTLE,15.16163158416748,30,m,20.0,9,m
30_AC Transit_49_MD_d0_s123,West  Oakland - Fruitvale Bart,250.67916059494019,30,m,18.0,9,m
30_AC Transit_49_MD_d1_s126,West  Oakland - Fruitvale Bart,376.30454444885254,30,m,20.0,9,m
30_AC Transit_4_MD_d0_s11,Dtn. Oakland /Dtn. Berkeley,579.8958819508553,30,m,30.0,9,m
30_AC Transit_4_MD_d1_s10,Dtn. Oakland /Dtn. Berkeley,226.33207017183304,30,m,30.0,9,m
30_AC Transit_51_MD_d0_s128,Fremont - American H.S.,1.204696998000145,30,m,300.0,9,m
30_AC Transit_52_MD_d1_s131,Horner JH - P. Padre Pkwy & Mission,4.089987874031067,30,m,150.0,9,m
30_AC Transit_53_MD_d1_s133,Paseo Padre - Mission S.J. High School,0,30,m,300.0,9,m
30_AC Transit_54_MD_d0_s137,Centerville JHS - Niles & El Portal,0.04324210062623024,30,m,300.0,9,m
30_AC Transit_59_MD_d1_s147,73rd International Blvd - Skyline High,0,30,m,300.0,9,m
30_AC Transit_5_MD_d0_s13,11th Jefferson - Fruitvale Bart,678.769811630249,30,m,15.0,9,m
30_AC Transit_5_MD_d1_s12,11th Jefferson - Fruitvale Bart,534.2259504795074,30,m,15.0,9,m
30_AC Transit_62_MD_d0_s158,Skyline High - Fruitvale & Montana,0,30,m,300.0,9,m
30_AC Transit_63_MD_d0_s165,Montera -Skyline High- Coliseum Bart,0,30,m,150.0,9,m
30_AC Transit_64_MD_d1_s168,Fruitvale Bart - Skyline High,0,30,m,150.0,9,m
30_AC Transit_65_MD_d0_s174,Skyline High - Grass Valley,0,30,m,300.0,9,m
30_AC Transit_66_MD_d0_s181,Spruce St. - Euclid Ave.,18.727932691574097,30,m,30.0,9,m
30_AC Transit_66_MD_d1_s182,Spruce St. - Euclid Ave.,12.432731866836548,30,m,30.0,9,m
30_AC Transit_67_MD_d0_s176,Skyline High - Montera Middle School,0,30,m,150.0,9,m
30_AC Transit_69_MD_d0_s189,Skyline High - 90th. & International Blvd,0,30,m,300.0,9,m
30_AC Transit_6_MD_d0_s14,San Pablo & Monroe - Moraga & Mountain,1291.3234544992447,30,m,15.0,9,m
30_AC Transit_6_MD_d1_s15,San Pablo & Monroe - Moraga & Mountain,1474.7365288734436,30,m,15.0,9,m
30_AC Transit_71_MD_d1_s195,Fruitvale Bart - Skyline High,0,30,m,60.0,9,m
30_AC Transit_74_MD_d1_s208,East Oakland - Skyline,0,30,m,300.0,9,m
30_AC Transit_76_MD_d0_s214,Skyline High School,0,30,m,300.0,9,m
30_AC Transit_77_MD_d1_s216,Ferry Term. - Island High - Broadway Blanding,0.5108166113495827,30,m,300.0,9,m
30_AC Transit_78_MD_d1_s217,N.Richmond - Rich. BART - El Cerrito,14.303651630878448,30,m,150.0,9,m
30_AC Transit_79_MD_d1_s220,21st & Macdonald Ave. - El Cerrito,8.72289663553238,30,m,150.0,9,m
30_AC Transit_7_MD_d0_s17,Univ/Calif - BYBA,1624.865858078003,30,m,12.0,9,m
30_AC Transit_7_MD_d1_s16,Univ/Calif - BYBA,1738.902949810028,30,m,12.0,9,m
30_AC Transit_80_MD_d1_s225,CCC - DeAnza HS/Crespi MS,0,30,m,300.0,9,m
30_AC Transit_81_MD_d0_s226,Berkeley Bart - Grizzly Peak Blvd.,7.865113258361816,30,m,42.0,9,m
30_AC Transit_81_MD_d1_s227,Berkeley Bart - Grizzly Peak Blvd.,0,30,m,37.0,9,m
30_AC Transit_82_MD_d1_s230,CCC - De Anza HS/Crespi MS,0,30,m,300.0,9,m
30_AC Transit_83_MD_d1_s232,N.Richmond - San Pablo - El Sobrante,0,30,m,300.0,9,m
30_AC Transit_84_MD_d1_s233,21st & Macdonald Ave. - El Cerrito,10.968072354793549,30,m,150.0,9,m
30_AC Transit_85_MD_d1_s237,N.Richmond - San Pablo - El Sobrante,10.633669584989548,30,m,300.0,9,m
30_AC Transit_86_MD_d1_s240,Crespi MS & DeAnza High Schools,4.141647934913635,30,m,300.0,9,m
30_AC Transit_88_MD_d1_s244,Rich Pkwy & W.Macd - DeJean M.S.,0,30,m,300.0,9,m
30_AC Transit_8_MD_d0_s20,Fruitvale ave - Alameda - 11th Jefferson,296.61382722854614,30,m,30.0,9,m
30_AC Transit_8_MD_d1_s22,Fruitvale ave - Alameda - 11th Jefferson,284.1064646244049,30,m,30.0,9,m
30_AC Transit_90_MD_d1_s248,Rich. BART /El Cerrito HS,0,30,m,300.0,9,m
30_AC Transit_91_MD_d0_s249,Bay Farm Is. / Lincoln Middle Sch.,0,30,m,150.0,9,m
30_AC Transit_94_MD_d0_s257,D.NORTE BART/BERKELEY BART,40.05270719528198,30,m,42.0,9,m
30_AC Transit_94_MD_d1_s258,D.NORTE BART/BERKELEY BART,36.04669666290283,30,m,42.0,9,m
30_AC Transit_95_MD_d0_s255,Richmond Pkwy. TC. - Richmond BART,167.6194839477539,30,m,30.0,9,m
30_AC Transit_95_MD_d1_s256,Richmond Pkwy. TC. - Richmond BART,200.13677549362183,30,m,30.0,9,m
30_AC Transit_96_MD_d0_s259,Richmond Pkwy TC - El Cerrito Plaza BART,312.1107575893402,30,m,30.0,9,m
30_AC Transit_96_MD_d1_s261,Richmond Pkwy TC - El Cerrito Plaza BART,243.52232265472412,30,m,30.0,9,m
30_AC Transit_97_MD_d0_s265,Richmond - Downtown Oakland,638.999952018261,30,m,30.0,9,m
30_AC Transit_97_MD_d1_s266,Richmond - Downtown Oakland,832.7468802928925,30,m,27.0,9,m
30_AC Transit_98_MD_d0_s268,Richmond - Downtown Oakland,616.5442133545876,30,m,27.0,9,m
30_AC Transit_98_MD_d1_s271,Richmond - Downtown Oakland,520.7527731060982,30,m,30.0,9,m
30_AC Transit_99_MD_d0_s272,San Pablo Rapid BUS,1073.0712785720825,30,m,12.0,9,m
30_AC Transit_99_MD_d1_s273,San Pablo Rapid BUS,1148.9431892633438,30,m,12.0,9,m
30_AC Transit_9_MD_d0_s18,Union City BART-Newpark Mall-Fremont BART,117.26994776725769,30,m,30.0,9,m
30_AC Transit_9_MD_d1_s19,Union City BART-Newpark Mall-Fremont BART,120.51837241649628,30,m,30.0,9,m
31_VTA_547_MD_d0_s1626,SANTA CLARA TRANSIT- METRO AIRPORT,383.26280212402344,28,d,15.0,99,d
31_VTA_547_MD_d1_s1627,SANTA CLARA TRANSIT- METRO AIRPORT,198.70415496826172,28,d,15.0,99,d
31_VTA_550_MD_d0_s1622,EASTRIDGE - PALO ALTO,0,81,d,300.0,99,d
31_VTA_555_MD_d0_s1636,ALMADEN & MCKEAN- OHLONE/CHYNWTH,22.263850212097168,28,d,60.0,99,d
31_VTA_555_MD_d1_s1637,ALMADEN & MCKEAN- OHLONE/CHYNWTH,6.595099925994873,28,d,60.0,99,d
31_VTA_556_MD_d0_s1640,GILROY TRANS CTR - ST. LOUISE HOSP,0,28,d,42.0,99,d
31_VTA_556_MD_d1_s1641,GILROY TRANS CTR - ST. LOUISE HOSP,0,28,d,42.0,99,d
31_VTA_558_MD_d0_s1645,M.H. CIVIC CTR - BURNETT AVE,0,28,d,150.0,99,d
31_VTA_558_MD_d1_s1648,M.H. CIVIC CTR - BURNETT AVE,0,28,d,300.0,99,d
31_VTA_560_MD_d0_s1651,GILROY TRNS CTR - MNTRY & LS ANIMAS,0.6407999992370605,28,d,42.0,99,d
31_VTA_560_MD_d1_s1652,GILROY TRNS CTR - MNTRY & LS ANIMAS,0,28,d,37.0,99,d
31_VTA_561_MD_d0_s1667,GILROY TRANS CTR - GAVILAN COLLEGE,0,28,d,42.0,99,d
31_VTA_561_MD_d1_s1668,GILROY TRANS CTR - GAVILAN COLLEGE,0,28,d,42.0,99,d
31_VTA_562_MD_d0_s1653,GREAT MALL/MAIN - FREMONT BART,237.2987298965454,81,d,30.0,99,d
31_VTA_562_MD_d1_s1657,GREAT MALL/MAIN - FREMONT BART,143.83163452148438,81,d,30.0,99,d
31_VTA_563_MD_d0_s1658,SAN JOSE DIRIDON - FREMONT BART,700.8065418601036,81,d,13.0,99,d
31_VTA_563_MD_d1_s1661,SAN JOSE DIRIDON - FREMONT BART,507.17340326309204,81,d,15.0,99,d
31_VTA_565_MD_d0_s1669,GILROY TRANS CTR - WREN & MANTELLI,0,28,d,42.0,99,d
31_VTA_565_MD_d1_s1670,GILROY TRANS CTR - WREN & MANTELLI,15.365400314331055,28,d,42.0,99,d
31_VTA_567_MD_d0_s1674,DOWNTOWN AREA SHUTTLE (DASH),7.210060119628906,28,d,14.0,99,d
31_VTA_567_MD_d1_s1675,DOWNTOWN AREA SHUTTLE (DASH),11.303528785705566,28,d,15.0,99,d
31_VTA_568_MD_d0_s1677,PALO ALTO - EASTRIDGE,3114.9037631750107,28,d,11.0,99,d
31_VTA_568_MD_d1_s1679,PALO ALTO - EASTRIDGE,3387.9285817742348,28,d,11.0,99,d
31_VTA_569_MD_d0_s1681,DE ANZA COL - ALUM ROCK TRANS CTR,1470.046667098999,28,d,11.0,99,d
31_VTA_569_MD_d1_s1685,DE ANZA COL - ALUM ROCK TRANS CTR,1262.8219789266586,28,d,12.0,99,d
31_VTA_570_MD_d0_s1688,DE ANZA COL - ALUM ROCK TRANS CTR,1062.7182216644287,28,d,9.0,99,d
31_VTA_570_MD_d1_s1691,DE ANZA COL - ALUM ROCK TRANS CTR,916.0524525642395,28,d,9.0,99,d
31_VTA_571_MD_d0_s1694,SUNNYVALE/LOCKHEED - EASTRIDGE,610.6945832967758,28,d,30.0,99,d
31_VTA_571_MD_d1_s1695,SUNNYVALE/LOCKHEED - EASTRIDGE,681.0320960283279,28,d,30.0,99,d
31_VTA_572_MD_d0_s1698,GOOD SAM HOSP - KAISER SAN JOSE,43.30795693397522,28,d,42.0,99,d
31_VTA_572_MD_d1_s1699,GOOD SAM HOSP - KAISER SAN JOSE,48.17212247848511,28,d,50.0,99,d
31_VTA_574_MD_d0_s1702,EVERGREEN VALLEY COL - EASTRIDGE,18.043818473815918,28,d,30.0,99,d
31_VTA_574_MD_d1_s1705,EVERGREEN VALLEY COL - EASTRIDGE,56.33753418922424,28,d,27.0,99,d
31_VTA_575_MD_d0_s1714,SN ANTONIO SHOP CTR - STA CLARA TC,213.61272132396698,28,d,50.0,99,d
31_VTA_575_MD_d1_s1715,SN ANTONIO SHOP CTR - STA CLARA TC,290.6679245233536,28,d,42.0,99,d
31_VTA_577_MD_d0_s1709,DE ANZA COL - DOWNTOWN SAN JOSE,57.45181453227997,28,d,14.0,99,d
31_VTA_577_MD_d1_s1710,DE ANZA COL - DOWNTOWN SAN JOSE,31.931639909744263,28,d,15.0,99,d
31_VTA_580_MD_d0_s1718,SN ANTONIO SHOP CTR - DOWNTOWN MV,18.315263599157333,28,d,60.0,99,d
31_VTA_580_MD_d1_s1719,SN ANTONIO SHOP CTR - DOWNTOWN MV,14.58704662322998,28,d,60.0,99,d
31_VTA_581_MD_d0_s1720,DNTN MTN VIEW - STANFORD SHOP CTR,355.8743336200714,28,d,30.0,99,d
31_VTA_581_MD_d1_s1723,DNTN MTN VIEW - STANFORD SHOP CTR,112.8563392162323,28,d,30.0,99,d
31_VTA_582_MD_d0_s1725,WEST VALLEY COLLEGE - CAPITOL LRT,245.41130077838898,28,d,27.0,99,d
31_VTA_582_MD_d1_s1728,WEST VALLEY COLLEGE - CAPITOL LRT,53.349960803985596,28,d,30.0,99,d
31_VTA_583_MD_d0_s1730,THE VILLAGES - EASTRIDGE,121.97570276260376,28,d,60.0,99,d
31_VTA_583_MD_d1_s1731,THE VILLAGES - EASTRIDGE,65.40876913070679,28,d,50.0,99,d
31_VTA_584_MD_d0_s1732,FOOTHILL COL - LA AVENIDA & SHOR,146.3210579752922,28,d,23.0,99,d
31_VTA_584_MD_d1_s1735,FOOTHILL COL - LA AVENIDA & SHOR,117.32385969161987,28,d,25.0,99,d
31_VTA_585_MD_d0_s1737,KAISER SJ - EVERGREEN VALLEY COL,65.12226374447346,28,d,42.0,99,d
31_VTA_585_MD_d1_s1739,KAISER SJ - EVERGREEN VALLEY COL,71.34633392095566,28,d,42.0,99,d
31_VTA_586_MD_d0_s1742,ALUM ROCK TC - PENITENCIA CK TC,0,28,d,60.0,99,d
31_VTA_586_MD_d1_s1743,ALUM ROCK TC - PENITENCIA CK TC,0,28,d,60.0,99,d
31_VTA_587_MD_d0_s1744,GREAT MALL - MILPITAS HIGH SCHOOL,57.63901138305664,28,d,50.0,99,d
31_VTA_587_MD_d1_s1747,GREAT MALL - MILPITAS HIGH SCHOOL,82.60230213403702,28,d,33.0,99,d
31_VTA_588_MD_d0_s1751,GREAT MALL - MCCARTHY RANCH,113.99836301803589,28,d,30.0,99,d
31_VTA_588_MD_d1_s1755,GREAT MALL - MCCARTHY RANCH,127.80498921871185,28,d,27.0,99,d
31_VTA_589_MD_d0_s1759,LOS GATOS - WINCHESTER LRT,182.9049575328827,28,d,50.0,99,d
31_VTA_589_MD_d1_s1760,LOS GATOS - WINCHESTER LRT,227.72526168823242,28,d,60.0,99,d
31_VTA_590_MD_d0_s1761,LOS GATOS - WINCHESTER LRT,80.18491125106812,28,d,60.0,99,d
31_VTA_590_MD_d1_s1762,LOS GATOS - WINCHESTER LRT,32.38982689380646,28,d,60.0,99,d
31_VTA_591_MD_d0_s1767,DE ANZA - MOFFETT/AMES CTR,140.81804013252258,28,d,20.0,99,d
31_VTA_591_MD_d1_s1771,DE ANZA - MOFFETT/AMES CTR,205.43623423576355,28,d,50.0,99,d
31_VTA_592_MD_d0_s1780,FOOTHILL COLLEGE - DWNTOWN MTN VIEW,60.774271726608276,28,d,27.0,99,d
31_VTA_592_MD_d1_s1782,FOOTHILL COLLEGE - DWNTOWN MTN VIEW,47.03494358062744,28,d,33.0,99,d
31_VTA_593_MD_d0_s1778,PALO ALTO - EASTRIDGE,705.3272013664246,28,d,15.0,99,d
31_VTA_593_MD_d1_s1779,PALO ALTO - EASTRIDGE,773.0387895703316,28,d,15.0,99,d
31_VTA_594_MD_d0_s1784,WV COLLEGE- SUNNYVALE TRANS CTR,98.47840905189514,28,d,42.0,99,d
31_VTA_594_MD_d1_s1787,WV COLLEGE- SUNNYVALE TRANS CTR,6.640451550483704,28,d,75.0,99,d
31_VTA_595_MD_d0_s1790,DE ANZA COLLEGE - LOCKHEED,136.07602053880692,28,d,30.0,99,d
31_VTA_595_MD_d1_s1791,DE ANZA COLLEGE - LOCKHEED,185.087749004364,28,d,30.0,99,d
31_VTA_596_MD_d0_s1792,DE ANZA COLLEGE - GREAT AMERICA,439.0077693462372,28,d,15.0,99,d
31_VTA_596_MD_d1_s1798,DE ANZA COLLEGE - GREAT AMERICA,232.82913279533386,28,d,25.0,99,d
31_VTA_597_MD_d0_s1803,WEST VALLEY COLL - GREAT AMERICA,309.880658864975,28,d,27.0,99,d
31_VTA_597_MD_d1_s1806,WEST VALLEY COLL - GREAT AMERICA,397.63576221466064,28,d,27.0,99,d
31_VTA_598_MD_d0_s1810,WEST VALLEY COLLEGE - ALVISO,142.41561979055405,28,d,42.0,99,d
31_VTA_598_MD_d1_s1813,WEST VALLEY COLLEGE - ALVISO,108.01887464523315,28,d,60.0,99,d
31_VTA_599_MD_d0_s1814,WINCHESTER  TC - GT AMERICA,386.3531024456024,28,d,21.0,99,d
31_VTA_599_MD_d1_s1816,WINCHESTER  TC - GT AMERICA,441.9580566883087,28,d,30.0,99,d
31_VTA_600_MD_d0_s1818,GOOD SAM HOSP - SIERRA & PIEDMONT,519.7547751069069,28,d,33.0,99,d
31_VTA_600_MD_d1_s1821,GOOD SAM HOSP - SIERRA & PIEDMONT,479.49037206172943,28,d,33.0,99,d
31_VTA_601_MD_d0_s1823,GOOD SAM HOSP - SIERRA & PIEDMONT,228.46085596084595,28,d,37.0,99,d
31_VTA_601_MD_d1_s1824,GOOD SAM HOSP - SIERRA & PIEDMONT,312.85417664051056,28,d,37.0,99,d
31_VTA_602_MD_d0_s1826,ALMADEN EXPY - SAN JOSE STATE,193.0394687652588,28,d,37.0,99,d
31_VTA_602_MD_d1_s1827,ALMADEN EXPY - SAN JOSE STATE,233.18893221020699,28,d,42.0,99,d
31_VTA_603_MD_d0_s1828,ALMADEN LRT - MCKEE & WHITE,1480.1067081689835,28,d,14.0,99,d
31_VTA_603_MD_d1_s1832,ALMADEN LRT - MCKEE & WHITE,1248.6586049497128,28,d,15.0,99,d
31_VTA_604_MD_d0_s1835,KOOSER & BLOSSOM  HILL- DNTN  S.J.,86.66196918487549,28,d,50.0,99,d
31_VTA_604_MD_d1_s1836,KOOSER & BLOSSOM  HILL- DNTN  S.J.,166.79889169335365,28,d,42.0,99,d
31_VTA_605_MD_d0_s1837,KAISER SAN JOSE - MILPITAS/DIXON,1570.2747161388397,28,d,20.0,99,d
31_VTA_605_MD_d1_s1840,KAISER SAN JOSE - MILPITAS/DIXON,2349.0229048728943,28,d,12.0,99,d
31_VTA_606_MD_d0_s1846,GILROY TC - SAN JOSE DIRIDON,1434.3164214491844,28,d,16.0,99,d
31_VTA_606_MD_d1_s1848,GILROY TC - SAN JOSE DIRIDON,1533.4525181353092,28,d,15.0,99,d
31_VTA_607_MD_d0_s1853,CAPITOL LRT STN - GREAT MALL/MAIN,1610.4704778790474,28,d,14.0,99,d
31_VTA_607_MD_d1_s1855,CAPITOL LRT STN - GREAT MALL/MAIN,842.2447712421417,28,d,15.0,99,d
31_VTA_608_MD_d0_s1857,EASTRIDGE- GREAT MALL/MAIN,345.5260810852051,28,d,23.0,99,d
31_VTA_608_MD_d1_s1858,EASTRIDGE- GREAT MALL/MAIN,516.2162888050079,28,d,23.0,99,d
31_VTA_609_MD_d0_s1859,SENTER/MONTEREY - DOWNTOWN SAN JOSE,503.4843399524689,28,d,18.0,99,d
31_VTA_609_MD_d1_s1860,SENTER/MONTEREY - DOWNTOWN SAN JOSE,628.2150967121124,28,d,16.0,99,d
31_VTA_610_MD_d0_s1861,SNELL & CAPITOL - DOWNTWN SAN JOSE,1030.3742339611053,28,d,18.0,99,d
31_VTA_610_MD_d1_s1863,SNELL & CAPITOL - DOWNTWN SAN JOSE,592.3860664367676,28,d,18.0,99,d
31_VTA_611_MD_d0_s1865,EASTRIDGE - GREAT MALL/MAIN,553.0880398750305,28,d,18.0,99,d
31_VTA_611_MD_d1_s1866,EASTRIDGE - GREAT MALL/MAIN,444.7176911830902,28,d,18.0,99,d
31_VTA_612_MD_d0_s1867,VALLCO - SAN JOSE STATE,176.21109056472778,28,d,33.0,99,d
31_VTA_612_MD_d1_s1870,VALLCO - SAN JOSE STATE,250.00138211250305,28,d,30.0,99,d
31_VTA_613_MD_d0_s1886,WESTGATE - DOWNTOWN SAN JOSE,371.53177070617676,28,d,25.0,99,d
31_VTA_613_MD_d1_s1889,WESTGATE - DOWNTOWN SAN JOSE,262.08441638946533,28,d,30.0,99,d
31_VTA_622_MD_d0_s1894,VETS HOSP - MIDDLEFIELD & COLORADO,2.924999952316284,28,d,23.0,99,d
31_VTA_622_MD_d1_s1898,VETS HOSP - MIDDLEFIELD & COLORADO,11.362405180931091,28,d,60.0,99,d
31_VTA_623_MD_d0_s1902,CALIFORNIA AVE CTRN-VETS HOSPITAL,0,28,d,30.0,99,d
31_VTA_623_MD_d1_s1904,CALIFORNIA AVE CTRN-VETS HOSPITAL,1.4774116277694702,28,d,30.0,99,d
31_VTA_624_MD_d0_s1905,OHLONE/CHYNOWETH - ALMADEN,30.359000205993652,111,d,15.0,99,d
31_VTA_624_MD_d1_s1907,OHLONE/CHYNOWETH - ALMADEN,46.51654815673828,111,d,15.0,99,d
31_VTA_625_MD_d0_s1908,ALUM ROCK-SANTA TERESA VIA BAYPOINT,1139.5064470767975,111,d,15.0,99,d
31_VTA_625_MD_d1_s1919,ALUM ROCK-SANTA TERESA VIA BAYPOINT,1639.17378282547,111,d,15.0,99,d
31_VTA_626_MD_d0_s1924,MOUNTAIN VIEW - WINCHESTER,733.6383438110352,111,d,25.0,99,d
31_VTA_626_MD_d1_s1929,MOUNTAIN VIEW - WINCHESTER,898.1246668100357,111,d,25.0,99,d
35__221_MD_d0_s543,Strawberry - Marin City - San Francisco,202.60315072536469,87,l,60.0,8,l
35__221_MD_d1_s545,Strawberry - Marin City - San Francisco,129.26110821962357,87,l,60.0,8,l
35__222_MD_d0_s547,Santa Rosa - San Francisco,270.94258534908295,87,l,50.0,8,l
35__222_MD_d1_s549,Santa Rosa - San Francisco,128.84663426876068,87,l,60.0,8,l
35__223_MD_d0_s551,Santa Rosa - San Francisco,27.403536438941956,87,l,300.0,8,l
35__224_MD_d0_s555,San Rafael - Sausalito,26.35338282585144,70,l,50.0,8,l
35__224_MD_d1_s553,San Rafael - Sausalito,23.885129153728485,70,l,50.0,8,l
35__227_MD_d0_s563,San Rafael - Marin City,38.55205677449703,70,l,42.0,8,l
35__227_MD_d1_s561,San Rafael - Marin City,17.140328645706177,70,l,60.0,8,l
35__228_MD_d0_s564,San Rafael/Canal - Fairfax/Manor,16.85649609565735,70,l,60.0,8,l
35__228_MD_d1_s565,San Rafael/Canal - Fairfax/Manor,3.7126622200012207,70,l,60.0,8,l
35__229_MD_d0_s570,Fairfax/Manor - San Francisco,67.76005641371012,87,l,150.0,8,l
35__231_MD_d0_s577,San Anselmo - San Francisco,163.47174885869026,87,l,60.0,8,l
35__231_MD_d1_s578,San Anselmo - San Francisco,141.66791820526123,87,l,60.0,8,l
35__232_MD_d0_s584,San Rafael - Fairfax/Manor,21.70660400390625,70,l,50.0,8,l
35__232_MD_d1_s586,San Rafael - Fairfax/Manor,18.923722743988037,70,l,50.0,8,l
35__234_MD_d0_s592,Canal - San Rafael Transit Center,0,70,l,30.0,8,l
35__234_MD_d1_s593,Canal - San Rafael Transit Center,26.292624950408936,70,l,30.0,8,l
35__235_MD_d1_s597,Canal - Marin City,0.8580705523490906,70,l,300.0,8,l
35__238_MD_d0_s607,Mill Valley - San Francisco,256.52864730358124,87,l,50.0,8,l
35__238_MD_d1_s610,Mill Valley - San Francisco,150.86224514245987,87,l,50.0,8,l
35__240_MD_d0_s616,Del Norte BART Station - San Rafael,27.52303123474121,87,l,50.0,8,l
35__240_MD_d1_s615,Del Norte BART Station - San Rafael,83.19846820831299,87,l,60.0,8,l
35__242_MD_d0_s620,Kaiser Hospital - Northgate - San Rafael,0,70,l,30.0,8,l
35__242_MD_d1_s619,Kaiser Hospital - Northgate - San Rafael,0,70,l,30.0,8,l
35__243_MD_d0_s623,Novato - San Rafael,9.26671850681305,70,l,60.0,8,l
35__243_MD_d1_s624,Novato - San Rafael,0,70,l,60.0,8,l
35__244_MD_d0_s628,Novato/San Marin - San Francisco,7.196658331900835,87,l,300.0,8,l
35__247_MD_d0_s639,Novato - San Francisco,267.0131176710129,87,l,60.0,8,l
35__247_MD_d1_s643,Novato - San Francisco,185.88307037949562,87,l,60.0,8,l
35__248_MD_d0_s647,Novato - Marin City,15.485548734664917,87,l,50.0,8,l
35__248_MD_d1_s648,Novato - Marin City,38.018292397260666,87,l,50.0,8,l
35__249_MD_d0_s651,Santa Rosa - San Francisco,14.328967191278934,87,l,150.0,8,l
36_UCT_538_MD_d0_s1608,Delores,66.94380888342857,38,d,60.0,99,d
36_UCT_539_MD_d0_s1610,Whipple,30.437119126319885,38,d,60.0,99,d
36_UCT_541_MD_d0_s1611,Almaden,10.05993902683258,38,d,60.0,99,d
36_UCT_542_MD_d0_s1612,Tamarack,16.807493329048157,38,d,60.0,99,d
36_UCT_543_MD_d0_s1613,Dyer,81.32222387194633,38,d,60.0,99,d
36_UCT_544_MD_d0_s1614,Alvarado Circulator,15.738757938146591,38,d,60.0,99,d
36_UCT_545_MD_d0_s1615,Alvarado-Niles,9.763529896736145,38,d,60.0,99,d
37_392_691_MD_d0_s2088,Gems and Birds,11.38663387298584,46,u,42.0,49,u
37_392_692_MD_d0_s2122,Crockett - Rodeo - Hercules,33.555335998535156,46,u,42.0,49,u
37_392_692_MD_d1_s2123,Crockett - Rodeo - Hercules,58.09695339202881,46,u,42.0,49,u
37_392_693_MD_d0_s2098,Trees and Flowers,0,46,u,50.0,49,u
37_392_693_MD_d1_s2083,Trees and Flowers,80.85728454589844,46,u,42.0,49,u
37_392_694_MD_d0_s2073,Rodeo - Hercules (Viewpointe/North Shore Business ,1.4488506317138672,46,u,37.0,49,u
37_392_694_MD_d1_s2077,Rodeo - Hercules (Viewpointe/North Shore Business ,33.765804290771484,46,u,42.0,49,u
37_392_695_MD_d0_s2081,Pinole Valley - Old Town Pinole - Richmond Parkway,68.7387843132019,46,u,30.0,49,u
37_392_695_MD_d1_s2085,Pinole Valley - Old Town Pinole - Richmond Parkway,65.41805458068848,46,u,30.0,49,u
37_392_696_MD_d0_s2107,BayView - Richmond Parkway Transit Center,0,46,u,100.0,49,u
37_392_696_MD_d1_s2084,BayView - Richmond Parkway Transit Center,0,46,u,100.0,49,u
37_392_697_MD_d0_s2096,Tara Hills - Richmond Parkway Transit Center - Hil,1.6233514547348022,46,u,100.0,49,u
37_392_697_MD_d1_s2080,Tara Hills - Richmond Parkway Transit Center - Hil,0,46,u,150.0,49,u
37_392_698_MD_d0_s2099,Hercules Transit Center - Pinole - Contra Costa Co,37.89241752028465,46,u,75.0,49,u
37_392_698_MD_d1_s2121,Hercules Transit Center - Pinole - Contra Costa Co,92.25825119018555,46,u,60.0,49,u
37_392_699_MD_d0_s2094,Rodeo/Hercules/San Francisco Transbay Terminal,0,90,q,100.0,50,q
37_392_699_MD_d1_s2106,Rodeo/Hercules/San Francisco Transbay Terminal,8.082749366760254,90,q,75.0,50,q
37_392_700_MD_d0_s2071,Hercules Transit Center - Pinole - Richmond - BART,86.01075595617294,90,v,60.0,49,v
37_392_700_MD_d1_s2100,Hercules Transit Center - Pinole - Richmond - BART,109.06141805648804,90,v,60.0,49,v
37_392_701_MD_d0_s2078,Hercules Transit Center - Pinole - Richmond - BART,88.71634167432785,90,v,60.0,49,v
37_392_701_MD_d1_s2086,Hercules Transit Center - Pinole - Richmond - BART,135.22820329666138,90,v,60.0,49,v
37_392_703_MD_d0_s2090,Hercules Transit Center - El Cerrito del Norte BAR,69.31951582431793,90,v,75.0,49,v
37_392_703_MD_d1_s2112,Hercules Transit Center - El Cerrito del Norte BAR,96.01145553588867,90,v,75.0,49,v
37_392_704_MD_d0_s2093,Hercules Transit Center - Martinez,0,46,u,75.0,49,u
37_392_704_MD_d1_s2108,Hercules Transit Center - Martinez,0,46,u,75.0,49,u
38_362_627_MD_d0_s1934,Route 10,11.944096565246582,60,j,42.0,42,j
38_362_627_MD_d1_s1935,Route 10,33.433388113975525,60,j,60.0,42,j
38_362_628_MD_d0_s1936,Route  3,3.6861748695373535,60,j,30.0,42,j
38_362_629_MD_d0_s1937,Route  4,23.495834350585938,60,j,30.0,42,j
38_362_630_MD_d0_s1938,Route  5,19.346439838409424,60,j,30.0,42,j
38_362_631_MD_d0_s1939,Route  6,0,60,j,42.0,42,j
38_362_632_MD_d0_s1940,Route  7,0,60,j,30.0,42,j
38_362_633_MD_d0_s1941,Route 21,5.037499904632568,60,k,100.0,44,k
38_362_633_MD_d1_s1942,Route 21,7.488759517669678,60,k,150.0,44,k
38_362_634_MD_d0_s1943,Route  8,13.555809020996094,60,j,30.0,42,j
38_362_634_MD_d1_s1944,Route  8,13.813977479934692,60,j,30.0,42,j
38_362_635_MD_d0_s1945,Route 29,7.210575580596924,94,g,100.0,43,g
38_362_635_MD_d1_s1946,Route 29,0,94,g,100.0,43,g
38_362_636_MD_d0_s1947,Route 25,0,60,j,150.0,42,j
38_362_636_MD_d1_s1948,Route 25,0,60,j,150.0,42,j
38_362_637_MD_d0_s1949,Route 11,45.07564830780029,60,j,42.0,42,j
38_362_637_MD_d1_s1950,Route 11,75.45257520675659,60,j,37.0,42,j
38_362_638_MD_d0_s1951,Route  1,5.9009363651275635,60,j,42.0,42,j
38_362_639_MD_d0_s1952,Route  2,20.187228679656982,60,j,30.0,42,j
39_MCTD_292_MD_d0_s766,West Marin Stagecoach (North),19.5,71,j,75.0,23,j
39_MCTD_292_MD_d1_s767,West Marin Stagecoach (North),8.704310178756714,71,j,100.0,23,j
39_MCTD_293_MD_d0_s750,Tiburon Shuttle,0,71,j,33.0,23,j
39_MCTD_293_MD_d1_s748,Tiburon Shuttle,28.742511749267578,71,j,37.0,23,j
39_MCTD_294_MD_d0_s751,Santa Venetia Shuttle,0,71,j,60.0,23,j
39_MCTD_294_MD_d1_s752,Santa Venetia Shuttle,0,71,j,60.0,23,j
39_MCTD_295_MD_d0_s762,Novato Shuttle,7.534883499145508,71,j,60.0,23,j
39_MCTD_295_MD_d1_s746,Novato Shuttle,0,71,j,60.0,23,j
39_MCTD_296_MD_d0_s744,Smith Ranch Road - Ignacio,5.865262985229492,71,j,60.0,23,j
39_MCTD_296_MD_d1_s745,Smith Ranch Road - Ignacio,0,71,j,60.0,23,j
39_MCTD_297_MD_d0_s759,Marinwood - Novato,15.131981492042542,71,j,60.0,23,j
39_MCTD_297_MD_d1_s760,Marinwood - Novato,12.142857551574707,71,j,60.0,23,j
39_MCTD_298_MD_d0_s781,Muir Woods Shuttle,0,71,o,8.0,24,o
39_MCTD_298_MD_d1_s780,Muir Woods Shuttle,0,71,o,10.0,24,o
39_MCTD_299_MD_d0_s769,West Marin Stagecoach (South),5.32867956161499,71,j,60.0,23,j
39_MCTD_299_MD_d1_s776,West Marin Stagecoach (South),0.28808483481407166,71,j,100.0,23,j
3_BG_160_MD_d0_s421,San Francisco - Angel Island Ferry,0,103,i,150.0,12,i
3_BG_160_MD_d1_s419,San Francisco - Angel Island Ferry,0,103,i,100.0,12,i
3_BG_161_MD_d0_s416,San Francisco - Sausalito Ferry,0,103,i,100.0,13,i
3_BG_161_MD_d1_s420,San Francisco - Sausalito Ferry,0,103,i,100.0,13,i
3_BG_162_MD_d0_s418,San Francisco - Tiburon Ferry,0,103,i,100.0,14,i
3_BG_162_MD_d1_s417,San Francisco - Tiburon Ferry,0,103,i,75.0,14,i
4_tri-delta_524_MD_d0_s1591,Antioch / Oakley,37.29619073867798,44,k,60.0,37,k
4_tri-delta_524_MD_d1_s1592,Antioch / Oakley,19.798415541648865,44,k,60.0,37,k
4_tri-delta_525_MD_d0_s1601,Pittsburg BART / Kaiser Deer Valley,78.80218029022217,44,k,50.0,37,k
4_tri-delta_525_MD_d1_s1602,Pittsburg BART / Kaiser Deer Valley,237.45373794436455,44,k,60.0,37,k
4_tri-delta_526_MD_d0_s1589,LMC / Pittsburg,2.182539701461792,44,k,30.0,37,k
4_tri-delta_526_MD_d1_s1590,LMC / Pittsburg,13.048155784606934,44,k,30.0,37,k
4_tri-delta_527_MD_d0_s1603,Pittsburg BART / Bay Point,44.03208339214325,44,k,60.0,37,k
4_tri-delta_528_MD_d0_s1593,Antioch / Brentwood,12.866766273975372,44,k,60.0,37,k
4_tri-delta_528_MD_d1_s1594,Antioch / Brentwood,4.5368804931640625,44,k,60.0,37,k
4_tri-delta_529_MD_d0_s1595,Antioch / Brentwood,15.46480542421341,44,k,60.0,37,k
4_tri-delta_529_MD_d1_s1597,Antioch / Brentwood,1.087837815284729,44,k,75.0,37,k
4_tri-delta_530_MD_d1_s1582,Express Bart / Brentwood,0.5439189076423645,44,l,150.0,36,l
4_tri-delta_531_MD_d0_s1585,Pittsburg BART / Antioch,112.45487189292908,44,k,50.0,37,k
4_tri-delta_531_MD_d1_s1588,Pittsburg BART / Antioch,235.9821897149086,44,k,42.0,37,k
4_tri-delta_533_MD_d0_s1606,Pittsburg BART / Brentwood,118.72566652297974,44,k,60.0,37,k
4_tri-delta_533_MD_d1_s1607,Pittsburg BART / Brentwood,73.85445702075958,44,k,60.0,37,k
4_tri-delta_534_MD_d0_s1577,Martinez / Pittsburg,11.978695631027222,44,l,60.0,36,l
4_tri-delta_534_MD_d1_s1578,Martinez / Pittsburg,12.328333377838135,44,l,60.0,36,l
4_tri-delta_535_MD_d0_s1599,Pittsburg BART / Antioch,119.69187664985657,44,k,60.0,37,k
4_tri-delta_535_MD_d1_s1600,Pittsburg BART / Antioch,58.28347325325012,44,k,75.0,37,k
4_tri-delta_537_MD_d0_s1579,Pittsburg / Concord BART,6.863610506057739,44,l,75.0,36,l
4_tri-delta_537_MD_d1_s1580,Pittsburg / Concord BART,55.03208339214325,44,l,60.0,36,l
6_samtrans-ca-us_389_MD_d1_s1153,Southgate/Lakeshire - Gateway/Hickey,2.4285714626312256,24,j,300.0,6,j
6_samtrans-ca-us_390_MD_d0_s1158,Daly City BART - Linda Mar Park & Ride,152.29092407226562,24,j,50.0,6,j
6_samtrans-ca-us_390_MD_d1_s1157,Daly City BART - Linda Mar Park & Ride,241.56134343147278,24,j,50.0,6,j
6_samtrans-ca-us_391_MD_d0_s1165,Colma BART - Linda Mar Park & Ride,426.1998301744461,24,j,60.0,6,j
6_samtrans-ca-us_391_MD_d1_s1164,Colma BART - Linda Mar Park & Ride,107.19204545021057,24,j,60.0,6,j
6_samtrans-ca-us_393_MD_d0_s1169,Colma BART - Brunswick/Templeton,1131.117826461792,24,j,15.0,6,j
6_samtrans-ca-us_393_MD_d1_s1168,Colma BART - Brunswick/Templeton,873.7009863853455,24,j,14.0,6,j
6_samtrans-ca-us_394_MD_d0_s1170,Lowell/Hanover - Skyline College,200.77133774757385,24,j,30.0,6,j
6_samtrans-ca-us_394_MD_d1_s1172,Lowell/Hanover - Skyline College,370.45784521102905,24,j,33.0,6,j
6_samtrans-ca-us_395_MD_d0_s1177,South SF BART - Stonestown/SF State,173.92290830612183,24,j,30.0,6,j
6_samtrans-ca-us_395_MD_d1_s1178,South SF BART - Stonestown/SF State,124.16265273094177,24,j,30.0,6,j
6_samtrans-ca-us_396_MD_d0_s1180,Daly City BART - Colma BART,713.1094899177551,24,j,14.0,6,j
6_samtrans-ca-us_396_MD_d1_s1181,Daly City BART - Colma BART,649.543664932251,24,j,15.0,6,j
6_samtrans-ca-us_397_MD_d0_s1184,Airport/Linden - Serramonte Center,325.46915102005005,24,j,15.0,6,j
6_samtrans-ca-us_397_MD_d1_s1183,Airport/Linden - Serramonte Center,264.7243719100952,24,j,15.0,6,j
6_samtrans-ca-us_398_MD_d0_s1186,Airport/Linden - San Bruno BART,42.31698989868164,24,j,30.0,6,j
6_samtrans-ca-us_398_MD_d1_s1185,Airport/Linden - San Bruno BART,11.169605016708374,24,j,30.0,6,j
6_samtrans-ca-us_400_MD_d0_s1190,Airtrain - West Manor/Palmetto,90.88806438446045,24,j,42.0,6,j
6_samtrans-ca-us_400_MD_d1_s1195,Airtrain - West Manor/Palmetto,24.84399151802063,24,j,42.0,6,j
6_samtrans-ca-us_401_MD_d0_s1199,San Bruno BART - Shelter Creek,4.38765287399292,24,j,27.0,6,j
6_samtrans-ca-us_401_MD_d1_s1200,San Bruno BART - Shelter Creek,3.948887586593628,24,j,30.0,6,j
6_samtrans-ca-us_403_MD_d0_s1220,Linda Mar Park & Ride - Pescadero,74.12274169921875,24,j,50.0,6,j
6_samtrans-ca-us_403_MD_d1_s1210,Linda Mar Park & Ride - Pescadero,0,24,j,50.0,6,j
6_samtrans-ca-us_404_MD_d1_s1222,Lacy School - Linda Mar Park & Ride,0,24,j,300.0,6,j
6_samtrans-ca-us_406_MD_d0_s1226,Los Olivos/Santa Barbara - Ben Franklin School,0.8298497200012207,24,j,300.0,6,j
6_samtrans-ca-us_407_MD_d0_s1231,5th/El Camino - College of San Mateo,217.54583144187927,24,j,30.0,6,j
6_samtrans-ca-us_407_MD_d1_s1232,5th/El Camino - College of San Mateo,262.6215817928314,24,j,27.0,6,j
6_samtrans-ca-us_408_MD_d0_s1234,Foster City - Hillsdale Mall,3.4797658920288086,24,j,150.0,6,j
6_samtrans-ca-us_408_MD_d1_s1233,Foster City - Hillsdale Mall,7.681819915771484,24,j,150.0,6,j
6_samtrans-ca-us_409_MD_d1_s1236,Downtown San Mateo - North San Mateo Loop,52.16265845298767,24,j,60.0,6,j
6_samtrans-ca-us_410_MD_d0_s1239,Foster City - Hillsdale Mall,5.219648838043213,24,j,100.0,6,j
6_samtrans-ca-us_410_MD_d1_s1237,Foster City - Hillsdale Mall,26.380075931549072,24,j,150.0,6,j
6_samtrans-ca-us_411_MD_d0_s1245,San Carlos Caltrain - College of San Mateo,185.1707911491394,24,j,37.0,6,j
6_samtrans-ca-us_411_MD_d1_s1248,San Carlos Caltrain - College of San Mateo,26.929836750030518,24,j,42.0,6,j
6_samtrans-ca-us_412_MD_d0_s1254,Redwood City Caltrain - Florence/17th loop,0,24,j,60.0,6,j
6_samtrans-ca-us_412_MD_d1_s1253,Redwood City Caltrain - Florence/17th loop,15.99110746383667,24,j,60.0,6,j
6_samtrans-ca-us_414_MD_d0_s1260,Redwood City Transit Ctr - Canada College,61.41032028198242,24,j,30.0,6,j
6_samtrans-ca-us_414_MD_d1_s1259,Redwood City Transit Ctr - Canada College,57.81126022338867,24,j,30.0,6,j
6_samtrans-ca-us_415_MD_d0_s1262,Redwood City Transit Ctr - Alameda/Woodside,109.86707305908203,24,j,27.0,6,j
6_samtrans-ca-us_415_MD_d1_s1261,Redwood City Transit Ctr - Alameda/Woodside,41.003976821899414,24,j,30.0,6,j
6_samtrans-ca-us_416_MD_d0_s1265,Redwood City Transit Ctr - Florence/17th,0,24,j,60.0,6,j
6_samtrans-ca-us_416_MD_d1_s1264,Redwood City Transit Ctr - Florence/17th,15.99110746383667,24,j,60.0,6,j
6_samtrans-ca-us_417_MD_d0_s1266,Serramonte Center - South City High,0.4118238091468811,24,j,300.0,6,j
6_samtrans-ca-us_418_MD_d0_s1269,Purdue/Fordham - Stanford Mall,31.98479914665222,24,j,60.0,6,j
6_samtrans-ca-us_418_MD_d1_s1268,Purdue/Fordham - Stanford Mall,9.246562480926514,24,j,60.0,6,j
6_samtrans-ca-us_419_MD_d0_s1274,Onetta Harris Ctr - Stanford Mall,193.90150928497314,24,j,15.0,6,j
6_samtrans-ca-us_419_MD_d1_s1275,Onetta Harris Ctr - Stanford Mall,176.1364820599556,24,j,15.0,6,j
6_samtrans-ca-us_421_MD_d1_s1279,Lipman School - Templeton/Brunswick,0,24,j,300.0,6,j
6_samtrans-ca-us_422_MD_d0_s1284,San Francisco - SFO - Hillsdale Mall,796.5892714858055,24,j,25.0,6,j
6_samtrans-ca-us_422_MD_d1_s1282,San Francisco - SFO - Hillsdale Mall,1282.384913623333,24,j,30.0,6,j
6_samtrans-ca-us_423_MD_d0_s1285,SM Med Ctr - Hillsdale - CSM - Half Moon Bay,2.043137788772583,24,j,150.0,6,j
6_samtrans-ca-us_423_MD_d1_s1288,SM Med Ctr - Hillsdale - CSM - Half Moon Bay,26.131470158696175,24,j,75.0,6,j
6_samtrans-ca-us_424_MD_d0_s1290,San Mateo Caltrain - San Carlos Caltrain,11.979010105133057,24,j,60.0,6,j
6_samtrans-ca-us_424_MD_d1_s1291,San Mateo Caltrain - San Carlos Caltrain,21.6271755695343,24,j,60.0,6,j
6_samtrans-ca-us_425_MD_d0_s1293,Redwood City Transit Cente - Bayshore/Donohoe,250.88257294893265,24,j,15.0,6,j
6_samtrans-ca-us_425_MD_d1_s1292,Redwood City Transit Cente - Bayshore/Donohoe,138.96129751205444,24,j,15.0,6,j
6_samtrans-ca-us_432_MD_d0_s1312,San Bruno BART - Redwood City Transit Ctr,6.88488644361496,24,j,60.0,6,j
6_samtrans-ca-us_432_MD_d1_s1313,San Bruno BART - Redwood City Transit Ctr,34.008546113967896,24,j,60.0,6,j
6_samtrans-ca-us_436_MD_d0_s1322,Peninsula/Humboldt - Borel MS,1.6673080921173096,24,j,100.0,6,j
6_samtrans-ca-us_437_MD_d1_s1325,Bowditch School - Hillsdale/Norfolk,28.04738426208496,24,j,100.0,6,j
6_samtrans-ca-us_438_MD_d0_s1327,Clark/El Camino - Borel MS,0,24,j,300.0,6,j
6_samtrans-ca-us_440_MD_d1_s1331,Borel School - Polhemus/Paul Scannell,0,24,j,150.0,6,j
6_samtrans-ca-us_442_MD_d0_s1334,Ralston School - Bridge/Bowsprit via Chula Vista,13.622648477554321,24,j,150.0,6,j
6_samtrans-ca-us_443_MD_d1_s1340,Hillsdale - Alameda & Ralston,0.33039626479148865,24,j,300.0,6,j
6_samtrans-ca-us_444_MD_d0_s1341,Bridge/Bowsprit - Ralston School,27.245296955108643,24,j,75.0,6,j
6_samtrans-ca-us_445_MD_d0_s1346,Hiller/Wessex - Ralston School,21.676908493041992,24,j,100.0,6,j
6_samtrans-ca-us_447_MD_d0_s1350,"G" & Industrial - Clifford School,0,24,j,150.0,6,j
6_samtrans-ca-us_450_MD_d0_s1356,Bay/Marsh - Hillview School,0,24,j,300.0,6,j
6_samtrans-ca-us_451_MD_d0_s1360,Bay/Menlo Oaks - Hillview School,0,24,j,150.0,6,j
6_samtrans-ca-us_452_MD_d0_s1362,Middlefield/Lane - Hillview School,0,24,j,300.0,6,j
6_samtrans-ca-us_453_MD_d1_s1363,Ormondale School - La Honda/Grandview,0,24,j,150.0,6,j
6_samtrans-ca-us_455_MD_d1_s1368,Woodside High - Portola Valley,15.555560111999512,24,j,150.0,6,j
6_samtrans-ca-us_459_MD_d0_s1377,Daly City BART - Palo Alto Transit Ctr,4152.834811419249,24,j,14.0,6,j
6_samtrans-ca-us_459_MD_d1_s1379,Daly City BART - Palo Alto Transit Ctr,3832.1403603851795,24,j,14.0,6,j
6_samtrans-ca-us_460_MD_d0_s1391,Flex Route Pacifica,2.215686321258545,24,j,42.0,6,j
6_samtrans-ca-us_463_MD_d0_s1396,South SF Shuttle,22.88015839457512,24,j,50.0,6,j
7__263_MD_d0_s725,Shopping Express,210.4449067413807,13,d,37.0,99,d
7__264_MD_d0_s740,Line Y,14.687786340713501,13,d,20.0,99,d
7__265_MD_d0_s719,Line P,11.150440692901611,13,d,23.0,99,d
7__266_MD_d0_s705,Medical Center,28.255893051624298,13,d,30.0,99,d
7__267_MD_d0_s685,1050 Arastradero,100.08148670196533,13,d,20.0,99,d
7__268_MD_d0_s736,Line X,76.06103272736073,13,d,20.0,99,d
7__272_MD_d0_s696,Line C,76.85431396961212,13,d,30.0,99,d
7__279_MD_d0_s704,Medical Center: Holiday,10.663849592208862,13,d,18.0,99,d
7__282_MD_d0_s688,Bohannon,17.456774055957794,13,d,30.0,99,d
7__283_MD_d0_s730,SUMC - TECH Park and Ride Shuttle,0.033109404146671295,13,d,150.0,99,d
7__284_MD_d0_s701,East Bay Express,4.386115252971649,13,d,300.0,99,d
7__287_MD_d0_s702,Hospital: Direct,155.40960788726807,13,d,10.0,99,d
7__288_MD_d0_s731,VA Tram,0,13,d,21.0,99,d
7__289_MD_d0_s718,Patient Tram,0,13,d,5.0,99,d
7__290_MD_d0_s726,SLAC Shuttle,74.07437598705292,13,d,30.0,99,d
99_533_259_MD_d0_s683,East Bayshore,0,16,d,300.0,99,d
99_533_260_MD_d0_s679,East Whisman AM,0,16,d,300.0,99,d
99_533_262_MD_d0_s682,West Bayshore,0,16,d,300.0,99,d
pnr_Alameda Main_SF Ferry_acc_MD,Alameda Main_SF Ferry,0,11,d,2.0,99,d
pnr_Alameda Main_SF Ferry_egr_MD,Alameda Main_SF Ferry,0,11,d,2.0,99,d
pnr_Alder_SCVTA LRT_acc_MD,Alder_SCVTA LRT,0,11,d,1.0,99,d
pnr_Alder_SCVTA LRT_egr_MD,Alder_SCVTA LRT,0,11,d,1.0,99,d
pnr_Alum Rock_SCVTA LRT_acc_MD,Alum Rock_SCVTA LRT,30.53226661682129,11,d,1.0,99,d
pnr_Alum Rock_SCVTA LRT_egr_MD,Alum Rock_SCVTA LRT,2.778303861618042,11,d,1.0,99,d
pnr_Ashby_BART_acc_MD,Ashby_BART,238.4935302734375,11,x,1.0,96,x
pnr_Ashby_BART_egr_MD,Ashby_BART,254.57310485839844,11,d,1.0,99,d
pnr_Bascom_SCVTA LRT_acc_MD,Bascom_SCVTA LRT,8.217714309692383,11,d,1.0,99,d
pnr_Bascom_SCVTA LRT_egr_MD,Bascom_SCVTA LRT,0,11,d,1.0,99,d
pnr_BayFair_BART_acc_MD,BayFair_BART,245.17091369628906,11,x,1.0,96,x
pnr_BayFair_BART_egr_MD,BayFair_BART,207.31358337402344,11,d,1.0,99,d
pnr_Bayshore_Caltrain_acc_MD,Bayshore_Caltrain,9.189554214477539,11,z,1.0,98,z
pnr_Bayshore_Caltrain_egr_MD,Bayshore_Caltrain,325.2325744628906,11,d,1.0,99,d
pnr_Belmont_Caltrain_acc_MD,Belmont_Caltrain,94.18730163574219,11,z,1.0,98,z
pnr_Belmont_Caltrain_egr_MD,Belmont_Caltrain,35.21944046020508,11,d,1.0,99,d
pnr_Berkeley_Capitol_acc_MD,Berkeley_Capitol,20.223234176635742,11,d,1.0,99,d
pnr_Berkeley_Capitol_egr_MD,Berkeley_Capitol,8.40999984741211,11,d,1.0,99,d
pnr_Blossom Hill_Caltrain_acc_MD,Blossom Hill_Caltrain,0,11,z,1.0,98,z
pnr_Blossom Hill_Caltrain_egr_MD,Blossom Hill_Caltrain,0,11,d,1.0,99,d
pnr_Blossom Hill_SCVTA LRT_acc_MD,Blossom Hill_SCVTA LRT,0,11,d,1.0,99,d
pnr_Blossom Hill_SCVTA LRT_egr_MD,Blossom Hill_SCVTA LRT,0,11,d,1.0,99,d
pnr_Branham_SCVTA LRT_acc_MD,Branham_SCVTA LRT,0,11,d,2.0,99,d
pnr_Branham_SCVTA LRT_egr_MD,Branham_SCVTA LRT,0,11,d,2.0,99,d
pnr_Burlingame_Caltrain_acc_MD,Burlingame_Caltrain,6.946067810058594,11,z,1.0,98,z
pnr_Burlingame_Caltrain_egr_MD,Burlingame_Caltrain,57.657066345214844,11,d,1.0,99,d
pnr_California Ave_Caltrain_acc_MD,California Ave_Caltrain,27.118755340576172,11,z,2.0,98,z
pnr_California Ave_Caltrain_egr_MD,California Ave_Caltrain,37.47995376586914,11,d,2.0,99,d
pnr_Capitol_Caltrain_acc_MD,Capitol_Caltrain,0,11,z,1.0,98,z
pnr_Capitol_Caltrain_egr_MD,Capitol_Caltrain,0,11,d,1.0,99,d
pnr_Capitol_SCVTA LRT_acc_MD,Capitol_SCVTA LRT,0,11,d,1.0,99,d
pnr_Capitol_SCVTA LRT_egr_MD,Capitol_SCVTA LRT,0,11,d,1.0,99,d
pnr_Castro Valley_BART_acc_MD,Castro Valley_BART,92.23779296875,11,x,2.0,96,x
pnr_Castro Valley_BART_egr_MD,Castro Valley_BART,39.791587829589844,11,d,2.0,99,d
pnr_Coliseum_BART_acc_MD,Coliseum_BART,0,11,x,1.0,96,x
pnr_Coliseum_BART_egr_MD,Coliseum_BART,169.8312225341797,11,d,1.0,99,d
pnr_Coliseum_Capitol_acc_MD,Coliseum_Capitol,1369.181640625,11,d,2.0,99,d
pnr_Coliseum_Capitol_egr_MD,Coliseum_Capitol,9.837183952331543,11,d,2.0,99,d
pnr_Colma_BART_acc_MD,Colma_BART,295.6072998046875,11,x,2.0,96,x
pnr_Colma_BART_egr_MD,Colma_BART,131.41380310058594,11,d,2.0,99,d
pnr_Concord_BART_acc_MD,Concord_BART,69.79563903808594,11,x,1.0,96,x
pnr_Concord_BART_egr_MD,Concord_BART,46.514122009277344,11,d,1.0,99,d
pnr_Cottle_SCVTA LRT_acc_MD,Cottle_SCVTA LRT,0,11,d,2.0,99,d
pnr_Cottle_SCVTA LRT_egr_MD,Cottle_SCVTA LRT,0,11,d,2.0,99,d
pnr_Curtner_SCVTA LRT_acc_MD,Curtner_SCVTA LRT,4.81820011138916,11,d,1.0,99,d
pnr_Curtner_SCVTA LRT_egr_MD,Curtner_SCVTA LRT,0,11,d,1.0,99,d
pnr_Daly City_BART_acc_MD,Daly City_BART,120.35836791992188,11,x,2.0,96,x
pnr_Daly City_BART_egr_MD,Daly City_BART,146.35775756835938,11,d,2.0,99,d
pnr_Dublin/Pleasanton_BART_acc_MD,Dublin/Pleasanton_BART,175.37338256835938,11,x,2.0,96,x
pnr_Dublin/Pleasanton_BART_egr_MD,Dublin/Pleasanton_BART,56.23842239379883,11,d,2.0,99,d
pnr_El Cerrito Plaza_BART_acc_MD,El Cerrito Plaza_BART,33.54911422729492,11,x,1.0,96,x
pnr_El Cerrito Plaza_BART_egr_MD,El Cerrito Plaza_BART,18.61351203918457,11,d,1.0,99,d
pnr_El Cerrito del Norte_BART_acc_MD,El Cerrito del Norte_BART,140.2768096923828,11,x,1.0,96,x
pnr_El Cerrito del Norte_BART_egr_MD,El Cerrito del Norte_BART,249.2391815185547,11,d,1.0,99,d
pnr_Emeryville_Capitol_acc_MD,Emeryville_Capitol,19.996728897094727,11,d,1.0,99,d
pnr_Emeryville_Capitol_egr_MD,Emeryville_Capitol,32.2521858215332,11,d,1.0,99,d
pnr_Fremont_ACE_acc_MD,Fremont_ACE,0,11,d,2.0,99,d
pnr_Fremont_ACE_egr_MD,Fremont_ACE,0.2741684019565582,11,d,2.0,99,d
pnr_Fremont_BART_acc_MD,Fremont_BART,354.68560791015625,11,x,1.0,96,x
pnr_Fremont_BART_egr_MD,Fremont_BART,219.06265258789062,11,d,1.0,99,d
pnr_Fremont_Capitol_acc_MD,Fremont_Capitol,6.654730319976807,11,d,1.0,99,d
pnr_Fremont_Capitol_egr_MD,Fremont_Capitol,0.5483368039131165,11,d,1.0,99,d
pnr_Fruitvale_BART_acc_MD,Fruitvale_BART,0,11,x,1.0,96,x
pnr_Fruitvale_BART_egr_MD,Fruitvale_BART,414.1527404785156,11,d,1.0,99,d
pnr_Gilroy_Caltrain_acc_MD,Gilroy_Caltrain,15.147499084472656,11,z,1.0,98,z
pnr_Gilroy_Caltrain_egr_MD,Gilroy_Caltrain,21.52867317199707,11,d,1.0,99,d
pnr_Glen Park_BART_acc_MD,Glen Park_BART,417.10284423828125,11,x,1.0,96,x
pnr_Glen Park_BART_egr_MD,Glen Park_BART,861.6992797851562,11,d,1.0,99,d
pnr_Great America_ACE_acc_MD,Great America_ACE,0,11,d,1.0,99,d
pnr_Great America_ACE_egr_MD,Great America_ACE,1.5356662273406982,11,d,1.0,99,d
pnr_Great America_Capitol_acc_MD,Great America_Capitol,0,11,d,1.0,99,d
pnr_Great America_Capitol_egr_MD,Great America_Capitol,1.5356662273406982,11,d,1.0,99,d
pnr_Great Mall_SCVTA LRT_acc_MD,Great Mall_SCVTA LRT,100.17339324951172,11,d,1.0,99,d
pnr_Great Mall_SCVTA LRT_egr_MD,Great Mall_SCVTA LRT,33.844688415527344,11,d,1.0,99,d
pnr_Harbor Bay_SF Ferry_acc_MD,Harbor Bay_SF Ferry,0,11,d,1.0,99,d
pnr_Harbor Bay_SF Ferry_egr_MD,Harbor Bay_SF Ferry,0,11,d,1.0,99,d
pnr_Hayward Park_Caltrain_acc_MD,Hayward Park_Caltrain,19.91449737548828,11,z,1.0,98,z
pnr_Hayward Park_Caltrain_egr_MD,Hayward Park_Caltrain,31.814537048339844,11,d,1.0,99,d
pnr_Hayward_BART_acc_MD,Hayward_BART,108.46770477294922,11,x,1.0,96,x
pnr_Hayward_BART_egr_MD,Hayward_BART,175.8593292236328,11,d,1.0,99,d
pnr_Hayward_Capitol_acc_MD,Hayward_Capitol,102.27552795410156,11,d,1.0,99,d
pnr_Hayward_Capitol_egr_MD,Hayward_Capitol,0,11,d,1.0,99,d
pnr_Hillsdale_Caltrain_acc_MD,Hillsdale_Caltrain,133.6393585205078,11,z,1.0,98,z
pnr_Hillsdale_Caltrain_egr_MD,Hillsdale_Caltrain,15.074066162109375,11,d,1.0,99,d
pnr_Hostetter_SCVTA LRT_acc_MD,Hostetter_SCVTA LRT,0,11,d,2.0,99,d
pnr_Hostetter_SCVTA LRT_egr_MD,Hostetter_SCVTA LRT,0,11,d,2.0,99,d
pnr_Jack London Square_Capitol_acc_MD,Jack London Square_Capitol,146.9225311279297,11,d,1.0,99,d
pnr_Jack London Square_Capitol_egr_MD,Jack London Square_Capitol,3.8580849170684814,11,d,1.0,99,d
pnr_Lafayette_BART_acc_MD,Lafayette_BART,123.97704315185547,11,x,1.0,96,x
pnr_Lafayette_BART_egr_MD,Lafayette_BART,133.91513061523438,11,d,1.0,99,d
pnr_Lake Merritt_BART_acc_MD,Lake Merritt_BART,458.5632629394531,11,x,1.0,96,x
pnr_Lake Merritt_BART_egr_MD,Lake Merritt_BART,291.31146240234375,11,d,1.0,99,d
pnr_Larkspur_SMART_acc_MD,Larkspur_SMART,165.6752166748047,11,d,2.0,99,d
pnr_Larkspur_SMART_egr_MD,Larkspur_SMART,126.49210357666016,11,d,2.0,99,d
pnr_Lawrence_Caltrain_acc_MD,Lawrence_Caltrain,0,11,z,1.0,98,z
pnr_Lawrence_Caltrain_egr_MD,Lawrence_Caltrain,26.102298736572266,11,d,1.0,99,d
pnr_Livermore_ACE_acc_MD,Livermore_ACE,160.60133361816406,11,d,1.0,99,d
pnr_Livermore_ACE_egr_MD,Livermore_ACE,122.01946258544922,11,d,1.0,99,d
pnr_MacArthur_BART_acc_MD,MacArthur_BART,121.34693145751953,11,x,2.0,96,x
pnr_MacArthur_BART_egr_MD,MacArthur_BART,0,11,d,2.0,99,d
pnr_Martinez_Capitol_acc_MD,Martinez_Capitol,97.86070251464844,11,d,1.0,99,d
pnr_Martinez_Capitol_egr_MD,Martinez_Capitol,60.191707611083984,11,d,1.0,99,d
pnr_Menlo Park_Caltrain_acc_MD,Menlo Park_Caltrain,17.848241806030273,11,z,1.0,98,z
pnr_Menlo Park_Caltrain_egr_MD,Menlo Park_Caltrain,86.58956146240234,11,d,1.0,99,d
pnr_Millbrae_BART_acc_MD,Millbrae_BART,335.7632751464844,11,x,2.0,96,x
pnr_Millbrae_BART_egr_MD,Millbrae_BART,116.02934265136719,11,d,2.0,99,d
pnr_Millbrae_Caltrain_acc_MD,Millbrae_Caltrain,0,11,z,1.0,98,z
pnr_Millbrae_Caltrain_egr_MD,Millbrae_Caltrain,0,11,d,1.0,99,d
pnr_Milpitas_SCVTA LRT_acc_MD,Milpitas_SCVTA LRT,0,11,d,2.0,99,d
pnr_Milpitas_SCVTA LRT_egr_MD,Milpitas_SCVTA LRT,0,11,d,2.0,99,d
pnr_Moffett Park_SCVTA LRT_acc_MD,Moffett Park_SCVTA LRT,0,11,d,1.0,99,d
pnr_Moffett Park_SCVTA LRT_egr_MD,Moffett Park_SCVTA LRT,3.2137999534606934,11,d,1.0,99,d
pnr_Morgan Hill_Caltrain_acc_MD,Morgan Hill_Caltrain,47.64999008178711,11,z,1.0,98,z
pnr_Morgan Hill_Caltrain_egr_MD,Morgan Hill_Caltrain,31.77640151977539,11,d,1.0,99,d
pnr_Mountain View_Caltrain_acc_MD,Mountain View_Caltrain,0,11,z,1.0,98,z
pnr_Mountain View_Caltrain_egr_MD,Mountain View_Caltrain,31.960018157958984,11,d,1.0,99,d
pnr_Mountain View_SCVTA LRT_acc_MD,Mountain View_SCVTA LRT,147.44097900390625,11,d,1.0,99,d
pnr_Mountain View_SCVTA LRT_egr_MD,Mountain View_SCVTA LRT,0,11,d,1.0,99,d
pnr_North Berkeley_BART_acc_MD,North Berkeley_BART,146.20953369140625,11,x,1.0,96,x
pnr_North Berkeley_BART_egr_MD,North Berkeley_BART,87.47325897216797,11,d,1.0,99,d
pnr_North Concord/Martinez_BART_acc_MD,North Concord/Martinez_BART,22.39971351623535,11,x,3.0,96,x
pnr_North Concord/Martinez_BART_egr_MD,North Concord/Martinez_BART,2.830401659011841,11,d,3.0,99,d
pnr_Oakland Terminal_SF Ferry_acc_MD,Oakland Terminal_SF Ferry,1.0278385877609253,11,d,1.0,99,d
pnr_Oakland Terminal_SF Ferry_egr_MD,Oakland Terminal_SF Ferry,0,11,d,1.0,99,d
pnr_Ohlone/Chynoweth_SCVTA_acc_MD,Ohlone/Chynoweth_SCVTA,54.92428970336914,11,d,1.0,99,d
pnr_Ohlone/Chynoweth_SCVTA_egr_MD,Ohlone/Chynoweth_SCVTA,0,11,d,1.0,99,d
pnr_Orinda_BART_acc_MD,Orinda_BART,58.160648345947266,11,x,2.0,96,x
pnr_Orinda_BART_egr_MD,Orinda_BART,25.77776527404785,11,d,2.0,99,d
pnr_Palo Alto_Caltrain_acc_MD,Palo Alto_Caltrain,0,11,z,1.0,98,z
pnr_Palo Alto_Caltrain_egr_MD,Palo Alto_Caltrain,22.48171615600586,11,d,1.0,99,d
pnr_Penitencia Creek_SCVTA LRT_acc_MD,Penitencia Creek_SCVTA LRT,0,11,d,2.0,99,d
pnr_Penitencia Creek_SCVTA LRT_egr_MD,Penitencia Creek_SCVTA LRT,0,11,d,2.0,99,d
pnr_Pittsburg/Bay Point_BART_acc_MD,Pittsburg/Bay Point_BART,138.230712890625,11,x,3.0,96,x
pnr_Pittsburg/Bay Point_BART_egr_MD,Pittsburg/Bay Point_BART,123.64830017089844,11,d,3.0,99,d
pnr_Pleasant Hill_BART_acc_MD,Pleasant Hill_BART,87.38480377197266,11,x,2.0,96,x
pnr_Pleasant Hill_BART_egr_MD,Pleasant Hill_BART,29.52964210510254,11,d,2.0,99,d
pnr_Plesanton_ACE_acc_MD,Plesanton_ACE,34.94499588012695,11,d,2.0,99,d
pnr_Plesanton_ACE_egr_MD,Plesanton_ACE,4.111095428466797,11,d,2.0,99,d
pnr_Redwood City_Caltrain_acc_MD,Redwood City_Caltrain,84.45304107666016,11,z,1.0,98,z
pnr_Redwood City_Caltrain_egr_MD,Redwood City_Caltrain,58.14818572998047,11,d,1.0,99,d
pnr_Richmond_BART_acc_MD,Richmond_BART,0,11,x,2.0,96,x
pnr_Richmond_BART_egr_MD,Richmond_BART,104.04412078857422,11,d,2.0,99,d
pnr_Richmond_Capitol_acc_MD,Richmond_Capitol,254.4618682861328,11,d,2.0,99,d
pnr_Richmond_Capitol_egr_MD,Richmond_Capitol,1.170011281967163,11,d,2.0,99,d
pnr_Rockridge_BART_acc_MD,Rockridge_BART,154.90911865234375,11,x,1.0,96,x
pnr_Rockridge_BART_egr_MD,Rockridge_BART,299.57373046875,11,d,1.0,99,d
pnr_San Antonio_Caltrain_acc_MD,San Antonio_Caltrain,0,11,z,1.0,98,z
pnr_San Antonio_Caltrain_egr_MD,San Antonio_Caltrain,7.737215042114258,11,d,1.0,99,d
pnr_San Bruno_BART_acc_MD,San Bruno_BART,22.580093383789062,11,x,2.0,96,x
pnr_San Bruno_BART_egr_MD,San Bruno_BART,5.778197288513184,11,d,2.0,99,d
pnr_San Bruno_Caltrain_acc_MD,San Bruno_Caltrain,10.612092971801758,11,z,1.0,98,z
pnr_San Bruno_Caltrain_egr_MD,San Bruno_Caltrain,0,11,d,1.0,99,d
pnr_San Carlos_Caltrain_acc_MD,San Carlos_Caltrain,0,11,z,1.0,98,z
pnr_San Carlos_Caltrain_egr_MD,San Carlos_Caltrain,0,11,d,1.0,99,d
pnr_San Jose Diridon_ACE_acc_MD,San Jose Diridon_ACE,106.7259292602539,11,d,1.0,99,d
pnr_San Jose Diridon_ACE_egr_MD,San Jose Diridon_ACE,24.377670288085938,11,d,1.0,99,d
pnr_San Jose Diridon_Caltrain_acc_MD,San Jose Diridon_Caltrain,0,11,z,1.0,98,z
pnr_San Jose Diridon_Caltrain_egr_MD,San Jose Diridon_Caltrain,24.377670288085938,11,d,1.0,99,d
pnr_San Jose Diridon_Capitol_acc_MD,San Jose Diridon_Capitol,49.246253967285156,11,d,1.0,99,d
pnr_San Jose Diridon_Capitol_egr_MD,San Jose Diridon_Capitol,24.377670288085938,11,d,1.0,99,d
pnr_San Jose Diridon_SCVTA LRT_acc_MD,San Jose Diridon_SCVTA LRT,3.5062999725341797,11,d,1.0,99,d
pnr_San Jose Diridon_SCVTA LRT_egr_MD,San Jose Diridon_SCVTA LRT,25.855226516723633,11,d,1.0,99,d
pnr_San Leandro_BART_acc_MD,San Leandro_BART,3.542222023010254,11,x,1.0,96,x
pnr_San Leandro_BART_egr_MD,San Leandro_BART,226.2841033935547,11,d,1.0,99,d
pnr_San Martin_Caltrain_acc_MD,San Martin_Caltrain,0,11,z,1.0,98,z
pnr_San Martin_Caltrain_egr_MD,San Martin_Caltrain,41.58039855957031,11,d,1.0,99,d
pnr_San Mateo_Caltrain_acc_MD,San Mateo_Caltrain,25.69638442993164,11,z,2.0,98,z
pnr_San Mateo_Caltrain_egr_MD,San Mateo_Caltrain,10.651556968688965,11,d,2.0,99,d
pnr_Santa Clara Uni_Capitol_acc_MD,Santa Clara Uni_Capitol,33.64081954956055,11,d,1.0,99,d
pnr_Santa Clara Uni_Capitol_egr_MD,Santa Clara Uni_Capitol,42.834537506103516,11,d,1.0,99,d
pnr_Santa Clara_ACE_acc_MD,Santa Clara_ACE,157.17929077148438,11,d,1.0,99,d
pnr_Santa Clara_ACE_egr_MD,Santa Clara_ACE,39.19485855102539,11,d,1.0,99,d
pnr_Santa Clara_Caltrain_acc_MD,Santa Clara_Caltrain,0,11,z,1.0,98,z
pnr_Santa Clara_Caltrain_egr_MD,Santa Clara_Caltrain,39.19485855102539,11,d,1.0,99,d
pnr_Santa Teresa_SCVTA LRT_acc_MD,Santa Teresa_SCVTA LRT,7.579486846923828,11,d,2.0,99,d
pnr_Santa Teresa_SCVTA LRT_egr_MD,Santa Teresa_SCVTA LRT,4.726658821105957,11,d,2.0,99,d
pnr_Sausilito_Golden Gate Ferry_acc_MD,Sausilito_Golden Gate Ferry,88.9097900390625,11,d,1.0,99,d
pnr_Sausilito_Golden Gate Ferry_egr_MD,Sausilito_Golden Gate Ferry,26.38167381286621,11,d,1.0,99,d
pnr_Snell_SCVTA LRT_acc_MD,Snell_SCVTA LRT,0,11,d,1.0,99,d
pnr_Snell_SCVTA LRT_egr_MD,Snell_SCVTA LRT,22.36840057373047,11,d,1.0,99,d
pnr_South Hayward_BART_acc_MD,South Hayward_BART,179.7724151611328,11,x,1.0,96,x
pnr_South Hayward_BART_egr_MD,South Hayward_BART,111.76558685302734,11,d,1.0,99,d
pnr_South San Francisco_BART_acc_MD,South San Francisco_BART,47.89789581298828,11,x,1.0,96,x
pnr_South San Francisco_BART_egr_MD,South San Francisco_BART,2.5381319522857666,11,d,1.0,99,d
pnr_South San Francisco_Caltrain_acc_MD,South San Francisco_Caltrain,0,11,z,2.0,98,z
pnr_South San Francisco_Caltrain_egr_MD,South San Francisco_Caltrain,6.488095760345459,11,d,2.0,99,d
pnr_South San Francisco_SF Ferry_acc_MD,South San Francisco_SF Ferry,0,11,d,1.0,99,d
pnr_South San Francisco_SF Ferry_egr_MD,South San Francisco_SF Ferry,0,11,d,1.0,99,d
pnr_Suisun-Fairfield_Capitol_acc_MD,Suisun-Fairfield_Capitol,63.75558090209961,11,d,1.0,99,d
pnr_Suisun-Fairfield_Capitol_egr_MD,Suisun-Fairfield_Capitol,34.907798767089844,11,d,1.0,99,d
pnr_Sunnyvale_Caltrain_acc_MD,Sunnyvale_Caltrain,0,11,z,1.0,98,z
pnr_Sunnyvale_Caltrain_egr_MD,Sunnyvale_Caltrain,49.224666595458984,11,d,1.0,99,d
pnr_Tamien_Caltrain_acc_MD,Tamien_Caltrain,0,11,z,2.0,98,z
pnr_Tamien_Caltrain_egr_MD,Tamien_Caltrain,1.3744609355926514,11,d,2.0,99,d
pnr_Tamien_SCVTA LRT_acc_MD,Tamien_SCVTA LRT,33.005577087402344,11,d,1.0,99,d
pnr_Tamien_SCVTA LRT_egr_MD,Tamien_SCVTA LRT,0,11,d,1.0,99,d
pnr_Union City_BART_acc_MD,Union City_BART,176.4173583984375,11,x,1.0,96,x
pnr_Union City_BART_egr_MD,Union City_BART,171.2855224609375,11,d,1.0,99,d
pnr_Vallejo Terminal_SF Ferry_acc_MD,Vallejo Terminal_SF Ferry,226.29791259765625,11,d,1.0,99,d
pnr_Vallejo Terminal_SF Ferry_egr_MD,Vallejo Terminal_SF Ferry,76.77864074707031,11,d,1.0,99,d
pnr_Vasco Road_ACE_acc_MD,Vasco Road_ACE,0,11,d,2.0,99,d
pnr_Vasco Road_ACE_egr_MD,Vasco Road_ACE,0,11,d,2.0,99,d
pnr_Walnut Creek_BART_acc_MD,Walnut Creek_BART,642.9451904296875,11,x,2.0,96,x
pnr_Walnut Creek_BART_egr_MD,Walnut Creek_BART,507.2951965332031,11,d,2.0,99,d
pnr_West Dublin/Plesanton_BART_acc_MD,West Dublin/Plesanton_BART,264.2010498046875,11,x,3.0,96,x
pnr_West Dublin/Plesanton_BART_egr_MD,West Dublin/Plesanton_BART,118.08612060546875,11,d,3.0,99,d
pnr_West Oakland_BART_acc_MD,West Oakland_BART,0,11,y,1.0,97,y
pnr_West Oakland_BART_egr_MD,West Oakland_BART,451.3643493652344,11,d,1.0,99,d
pnr_Whiseman_SCVTA LRT_acc_MD,Whiseman_SCVTA LRT,83.10636138916016,11,d,1.0,99,d
pnr_Whiseman_SCVTA LRT_egr_MD,Whiseman_SCVTA LRT,0,11,d,1.0,99,d
pnr_Winchester_SCVTA LRT_acc_MD,Winchester_SCVTA LRT,6.847398281097412,11,d,1.0,99,d
pnr_Winchester_SCVTA LRT_egr_MD,Winchester_SCVTA LRT,13.082019805908203,11,d,1.0,99,d
